,식품대분류,식품상세분류,식품명,1회제공량(g),에너지(kcal),탄수화물(g),단백질(g),지방(g)
1,곡류 및 서류,떡류,가래떡,100.0,205.04,45.04,3.52,0.32
2,곡류 및 서류,떡류,경단,100.0,303.79,67.04,6.58,0.54
3,곡류 및 서류,떡류,경단(깨),100.0,319.47,74.22,4.44,0.54
4,곡류 및 서류,떡류,경단(콩),100.0,314.32,74.03,3.51,0.46
5,곡류 및 서류,떡류,기피편,100.0,219.97,48.99,5.45,0.25
6,곡류 및 서류,떡류,깨강정,30.0,150.3,13.62,4.5,9.87
7,곡류 및 서류,떡류,깨송편,100.0,219.0,42.8,4.7,3.2
8,곡류 및 서류,떡류,꿀떡,100.0,225.92,50.36,3.24,0.76
9,곡류 및 서류,떡류,녹두시루떡,100.0,246.07,48.08,7.74,2.53
10,곡류 및 서류,떡류,다식,30.0,105.17,20.81,3.55,1.73
11,곡류 및 서류,떡류,매작과,30.0,121.48,19.06,2.55,3.57
12,곡류 및 서류,떡류,메밀전병,100.0,166.14,24.82,5.79,5.5
13,곡류 및 서류,떡류,모듬찰떡,100.0,218.0,42.3,6.8,2.4
14,곡류 및 서류,떡류,무지개떡,100.0,218.18,48.7,4.0,0.86
15,곡류 및 서류,떡류,백설기,100.0,218.82,48.2,4.04,0.79
16,곡류 및 서류,떡류,산자,30.0,121.7,24.7,0.91,1.2
17,곡류 및 서류,떡류,송편,100.0,234.9,46.82,4.17,2.7
18,곡류 및 서류,떡류,송편(깨),100.0,224.15,44.96,4.92,2.74
19,곡류 및 서류,떡류,송편(콩),100.0,194.33,41.66,5.24,0.75
20,곡류 및 서류,떡류,수수부꾸미,100.0,258.99,46.15,5.5,5.67
21,곡류 및 서류,떡류,수수팥떡,100.0,212.73,45.17,5.98,0.68
22,곡류 및 서류,떡류,시루떡,100.0,223.62,49.03,5.5,0.28
23,곡류 및 서류,떡류,쑥떡,100.0,238.06,54.64,4.53,0.45
24,곡류 및 서류,떡류,쑥절편,100.0,192.0,34.9,7.7,2.4
25,곡류 및 서류,떡류,약과,30.0,113.85,22.18,2.57,1.24
26,곡류 및 서류,떡류,약식,100.0,232.21,48.88,3.83,2.27
27,곡류 및 서류,떡류,유과,30.0,129.06,24.14,0.36,3.5
28,곡류 및 서류,떡류,인절미,100.0,214.46,42.55,6.4,1.76
29,곡류 및 서류,떡류,절편,100.0,197.81,44.07,3.06,0.35
30,곡류 및 서류,떡류,제주도 빙떡 & 귤간장소스,80.0,94.02,20.0,1.33,0.97
31,곡류 및 서류,떡류,증편,100.0,198.69,44.22,2.54,0.34
32,곡류 및 서류,떡류,찰떡,100.0,216.18,44.88,5.81,1.24
33,곡류 및 서류,떡류,참깨경단,100.0,239.0,38.6,6.3,6.7
34,곡류 및 서류,떡류,찹쌀떡,100.0,264.74,62.08,3.41,0.23
35,곡류 및 서류,떡류,팥시루떡,100.0,224.0,48.1,3.8,1.8
36,곡류 및 서류,떡류,팥찹쌀떡,100.0,294.0,62.9,5.1,2.5
37,구이류,어패류구이,가자미구이,200.0,245.0,1.3,37.4,10.0
38,구이류,어패류구이,갈치구이,200.0,275.0,1.2,43.1,11.0
39,구이류,어패류구이,고등어구이,200.0,551.0,0.4,47.7,40.0
40,구이류,어패류구이,고등어석쇠구이,200.0,679.0,7.6,46.7,51.4
41,구이류,어패류구이,굴비구이,150.0,291.0,0.1,28.0,19.9
42,구이류,어패류구이,꽁치구이,200.0,604.0,4.3,49.4,43.4
43,구이류,어패류구이,도미구이,250.0,397.0,2.1,61.1,16.5
44,구이류,어패류구이,뱅어포구이,70.0,261.0,17.6,24.1,10.6
45,구이류,어패류구이,병어구이,250.0,488.0,0.2,54.6,30.8
46,구이류,어패류구이,붕장어소금구이,100.0,296.54,11.6,26.0,16.2
47,구이류,어패류구이,삼치구이,200.0,355.71,8.48,37.83,18.01
48,구이류,어패류구이,새우구이,180.0,260.0,5.1,42.1,8.0
49,구이류,어패류구이,양념장어구이,150.0,433.35,8.8,30.77,30.56
50,구이류,어패류구이,임연수구이,250.0,494.0,3.5,53.8,29.4
51,구이류,어패류구이,조기구이,180.0,460.0,36.4,34.8,19.5
52,구이류,어패류구이,조미김,5.0,23.0,1.4,1.0,1.5
53,구이류,어패류구이,쥐포구이,70.0,238.0,37.4,21.7,0.2
54,구이류,어패류구이,짚불구이곰장어,200.0,326.21,2.3,42.7,16.2
55,구이류,어패류구이,참치머리구이,180.0,346.0,2.5,47.8,16.2
56,구이류,어패류구이,키조개구이,180.0,234.0,18.8,31.4,3.7
57,구이류,어패류구이,황태구이,200.0,437.57,26.9,47.8,15.4
58,구이류,육류구이,간장양념닭다리구이,300.0,740.0,10.6,68.9,46.9
59,구이류,육류구이,그레이프 소스 스테이크,100.0,142.0,3.0,10.0,10.0
60,구이류,육류구이,꿩불고기,500.0,368.8,39.7,33.5,8.5
61,구이류,육류구이,닭고기대파꼬치구이,170.0,416.0,17.6,30.3,25.0
62,구이류,육류구이,닭구이,340.0,872.0,26.5,89.1,45.5
63,구이류,육류구이,닭꼬치,70.0,177.51,12.9,12.35,7.9
64,구이류,육류구이,닭발구이,220.0,431.0,21.3,39.9,20.7
65,구이류,육류구이,더블 체다 함박 스테이크,100.0,143.0,8.0,12.0,7.0
66,구이류,육류구이,돼지갈비,100.0,248.52,7.6,19.95,14.7
67,구이류,육류구이,돼지고기산적,170.0,339.0,2.6,49.4,14.6
68,구이류,육류구이,돼지불고기,200.0,449.0,8.1,29.7,33.1
69,구이류,육류구이,등심스테이크,200.0,388.0,0.3,60.4,16.1
70,구이류,육류구이,떡갈비,250.0,762.99,26.61,43.08,51.58
71,구이류,육류구이,런천미트구이,160.0,484.0,5.2,28.1,39.0
72,구이류,육류구이,레드 칠리 스테이크,100.0,179.0,9.0,11.0,11.0
73,구이류,육류구이,레드와인소스스테이크,100.0,128.0,5.0,9.0,8.0
74,구이류,육류구이,삼겹살고추장구이,200.0,805.0,25.3,28.4,65.7
75,구이류,육류구이,삼겹살구이,200.0,933.0,0.7,45.1,83.4
76,구이류,육류구이,소갈비구이,300.0,722.0,4.8,77.7,43.7
77,구이류,육류구이,소고기 찹스테이크,100.0,124.0,4.0,9.0,8.0
78,구이류,육류구이,소곱창구이,150.0,639.11,6.51,35.62,51.71
79,구이류,육류구이,소불고기,200.0,174.73,19.63,14.22,4.68
80,구이류,육류구이,소양념갈비구이,300.0,986.92,27.74,61.97,66.48
81,구이류,육류구이,안심스테이크,200.0,366.0,0.2,69.6,9.7
82,구이류,육류구이,양갈비 스테이크,100.0,177.0,5.0,10.0,13.0
83,구이류,육류구이,양념왕갈비,150.0,485.51,15.04,29.33,33.71
84,구이류,육류구이,오리고기구이,200.0,586.0,9.8,48.1,39.4
85,구이류,육류구이,오리불고기,250.0,559.93,24.47,38.16,34.25
86,구이류,육류구이,오삼불고기,200.0,356.94,21.46,23.35,20.24
87,구이류,육류구이,장어고추장구이,100.0,258.0,6.2,19.8,17.2
88,구이류,육류구이,치킨데리야끼,340.0,692.52,50.73,47.34,32.19
89,구이류,육류구이,치킨바베큐 ,100.0,108.0,7.0,11.0,4.1
90,구이류,육류구이,퓨전떡갈비,85.0,195.85,24.74,12.58,5.18
91,구이류,육류구이,함박스테이크,200.0,347.0,14.4,24.2,21.5
92,구이류,육류구이,햄구이,170.0,577.0,2.6,26.0,51.4
93,구이류,육류구이,햄버거스테이크,200.0,436.75,21.35,24.92,28.05
94,구이류,육류구이,훈제오리,250.0,789.96,11.83,38.16,64.65
95,구이류,채소류구이,더덕구이,100.0,183.74,31.78,5.8,5.62
96,구이류,채소류구이,두부구이,65.0,91.12,2.85,7.02,5.74
97,구이류,채소류구이,버섯구이,80.0,41.0,3.8,4.1,1.1
98,구이류,채소류구이,새송이버섯구이,80.0,66.0,9.3,3.4,1.8
99,구이류,채소류구이,양배추구이,100.0,60.93,7.62,2.71,2.65
100,구이류,채소류구이,표고버섯구이,80.0,79.0,14.5,3.5,0.8
101,국 및 탕류,기타 국 및 탕류,달걀국,450.0,193.04,5.35,16.19,11.11
102,국 및 탕류,기타 국 및 탕류,떡국,800.0,714.99,144.03,21.86,5.39
103,국 및 탕류,기타 국 및 탕류,떡만둣국,700.0,625.35,113.96,22.72,9.4
104,국 및 탕류,기타 국 및 탕류,마라탕,100.0,178.0,13.0,9.0,10.0
105,국 및 탕류,기타 국 및 탕류,만둣국,700.0,432.62,53.28,19.24,14.92
106,국 및 탕류,기타 국 및 탕류,메밀묵국,400.0,87.0,14.3,4.0,1.6
107,국 및 탕류,기타 국 및 탕류,순두부달걀국,350.0,102.0,3.3,6.2,7.1
108,국 및 탕류,기타 국 및 탕류,짬뽕밥,900.0,696.69,93.42,41.8,22.42
109,국 및 탕류,냉국류,미역냉국,350.0,128.0,26.3,0.7,2.3
110,국 및 탕류,냉국류,미역오이냉국,450.0,77.35,19.74,5.61,1.35
111,국 및 탕류,냉국류,오이냉국,350.0,38.0,2.7,1.5,2.4
112,국 및 탕류,어패류국.탕,게국지,1100.0,415.25,31.7,44.9,12.1
113,국 및 탕류,어패류국.탕,곰치국,1000.0,419.29,23.9,54.3,11.8
114,국 및 탕류,어패류국.탕,광어매운탕,600.0,419.79,9.13,58.42,16.62
115,국 및 탕류,어패류국.탕,굴국,450.0,194.42,11.44,22.8,8.65
116,국 및 탕류,어패류국.탕,굴국밥,650.0,683.0,88.4,42.4,17.8
117,국 및 탕류,어패류국.탕,굴무국,500.0,123.0,14.6,12.0,1.8
118,국 및 탕류,어패류국.탕,꽃게탕,600.0,240.65,20.77,31.7,5.49
119,국 및 탕류,어패류국.탕,낙지탕,600.0,186.1,11.77,29.21,2.73
120,국 및 탕류,어패류국.탕,대구매운탕,600.0,361.75,16.84,57.36,7.21
121,국 및 탕류,어패류국.탕,대구뽈탕 ,100.0,65.0,4.0,10.0,0.9
122,국 및 탕류,어패류국.탕,대구지리탕,600.0,262.02,9.9,41.6,6.2
123,국 및 탕류,어패류국.탕,대합미역국,400.0,44.0,2.2,4.9,1.8
124,국 및 탕류,어패류국.탕,도가니탕,800.0,563.65,5.58,54.6,34.77
125,국 및 탕류,어패류국.탕,동태국,400.0,66.0,5.6,9.7,0.6
126,국 및 탕류,어패류국.탕,매생이국,500.0,119.0,13.4,10.0,2.8
127,국 및 탕류,어패류국.탕,매운탕,600.0,402.79,18.83,37.16,21.56
128,국 및 탕류,어패류국.탕,메기매운탕,600.0,400.0,48.6,28.6,10.2
129,국 및 탕류,어패류국.탕,미역 미소국,245.0,14.34,2.38,1.12,0.04
130,국 및 탕류,어패류국.탕,미역국,500.0,50.16,4.7,2.7,4.35
131,국 및 탕류,어패류국.탕,미역된장국,400.0,96.0,9.1,6.3,3.9
132,국 및 탕류,어패류국.탕,바지락 미역국,285.0,53.5,4.1,8.01,0.56
133,국 및 탕류,어패류국.탕,바지락맑은국,247.0,46.89,7.76,3.93,0.02
134,국 및 탕류,어패류국.탕,바지락조개국,550.0,159.25,8.51,25.83,1.84
135,국 및 탕류,어패류국.탕,복지리탕,600.0,232.05,10.3,41.7,2.7
136,국 및 탕류,어패류국.탕,북어 무국,300.0,56.32,4.32,8.43,0.59
137,국 및 탕류,어패류국.탕,북엇국,400.0,111.0,3.4,15.6,3.9
138,국 및 탕류,어패류국.탕,새우미역국,400.0,63.0,7.3,4.4,1.8
139,국 및 탕류,어패류국.탕,새우탕,500.0,163.0,10.0,25.8,2.2
140,국 및 탕류,어패류국.탕,아구탕,600.0,246.07,12.8,37.8,4.9
141,국 및 탕류,어패류국.탕,알곤이탕,100.0,78.0,5.0,10.0,1.7
142,국 및 탕류,어패류국.탕,알탕,700.0,424.12,49.52,49.21,6.98
143,국 및 탕류,어패류국.탕,어묵국,600.0,252.09,37.16,22.85,4.21
144,국 및 탕류,어패류국.탕,어탕,150.0,85.87,1.82,12.7,3.09
145,국 및 탕류,어패류국.탕,연포탕,1000.0,541.19,21.64,91.65,9.2
146,국 및 탕류,어패류국.탕,오징어국,500.0,169.04,10.6,27.74,2.36
147,국 및 탕류,어패류국.탕,올갱이국,600.0,144.26,13.0,13.7,4.2
148,국 및 탕류,어패류국.탕,우럭매운탕,600.0,406.82,11.24,52.15,17.03
149,국 및 탕류,어패류국.탕,우렁된장국,500.0,245.28,21.19,24.72,7.05
150,국 및 탕류,어패류국.탕,재첩국,350.0,81.0,15.9,2.3,1.0
151,국 및 탕류,어패류국.탕,전복탕,600.0,196.85,15.8,26.8,3.0
152,국 및 탕류,어패류국.탕,조갯국,400.0,62.0,1.0,6.7,3.6
153,국 및 탕류,어패류국.탕,조기매운탕,600.0,384.38,17.3,35.1,19.4
154,국 및 탕류,어패류국.탕,지리탕,600.0,260.59,10.52,38.34,8.36
155,국 및 탕류,어패류국.탕,짱뚱어탕,600.0,188.77,16.6,11.5,8.5
156,국 및 탕류,어패류국.탕,추어탕,700.0,338.67,24.42,37.37,11.51
157,국 및 탕류,어패류국.탕,코다리 뿌리채소 들깨탕,347.0,93.33,3.64,14.75,2.2
158,국 및 탕류,어패류국.탕,해물된장국,400.0,111.0,10.7,8.4,3.9
159,국 및 탕류,어패류국.탕,해물탕,600.0,272.26,19.58,41.74,3.38
160,국 및 탕류,어패류국.탕,홍합무국,350.0,87.0,3.0,2.8,7.1
161,국 및 탕류,어패류국.탕,홍합미역국,650.0,168.88,14.13,19.99,6.43
162,국 및 탕류,어패류국.탕,황태해장국,600.0,184.22,6.39,25.21,7.22
163,국 및 탕류,육류국.탕,갈낙탕,400.0,261.77,0.8,35.8,12.8
164,국 및 탕류,육류국.탕,갈비탕,600.0,240.4,8.21,18.67,14.33
165,국 및 탕류,육류국.탕,감자탕,900.0,963.71,49.64,60.55,58.28
166,국 및 탕류,육류국.탕,곰탕,300.0,181.42,15.5,16.59,5.44
167,국 및 탕류,육류국.탕,꼬리곰탕,700.0,750.69,10.93,54.87,52.8
168,국 및 탕류,육류국.탕,내장탕,700.0,549.81,13.7,56.97,31.51
169,국 및 탕류,육류국.탕,닭개장,700.0,317.07,19.18,33.74,14.95
170,국 및 탕류,육류국.탕,닭곰탕,650.0,527.7,15.39,58.88,24.14
171,국 및 탕류,육류국.탕,닭볶음탕,300.0,371.81,19.17,33.85,17.32
172,국 및 탕류,육류국.탕,돼지국밥,1200.0,811.44,78.28,56.76,36.45
173,국 및 탕류,육류국.탕,뼈해장국,1000.0,692.93,25.42,67.92,37.16
174,국 및 탕류,육류국.탕,사골국,400.0,220.0,11.2,22.2,9.7
175,국 및 탕류,육류국.탕,사골만두국,700.0,606.0,62.6,26.2,28.0
176,국 및 탕류,육류국.탕,삼계탕,1000.0,881.32,44.08,76.65,40.57
177,국 및 탕류,육류국.탕,선짓국,600.0,173.0,7.4,23.2,5.7
178,국 및 탕류,육류국.탕,설렁탕,600.0,422.76,10.94,52.71,18.2
179,국 및 탕류,육류국.탕,소고기 들깨 알토란탕,297.0,146.42,17.4,7.57,5.17
180,국 및 탕류,육류국.탕,소고기 무국,287.0,46.5,3.42,6.49,0.77
181,국 및 탕류,육류국.탕,소고기무국,400.0,125.22,8.14,13.51,4.72
182,국 및 탕류,육류국.탕,소고기미역국,650.0,154.93,6.91,20.23,6.82
183,국 및 탕류,육류국.탕,소머리국밥,1100.0,891.43,77.06,48.94,40.76
184,국 및 탕류,육류국.탕,쇠고기무국,400.0,61.0,4.4,5.3,2.5
185,국 및 탕류,육류국.탕,쇠고기미역국,400.0,52.0,3.3,7.4,1.0
186,국 및 탕류,육류국.탕,쇠고기배추국,400.0,62.0,4.6,7.3,1.6
187,국 및 탕류,육류국.탕,순대국밥,900.0,690.35,34.23,17.34,16.48
188,국 및 탕류,육류국.탕,순댓국,600.0,509.0,89.7,14.1,10.5
189,국 및 탕류,육류국.탕,오리탕,600.0,480.82,24.16,43.21,21.64
190,국 및 탕류,육류국.탕,육개장,440.0,137.86,11.62,13.44,5.87
191,국 및 탕류,육류국.탕,육탕,150.0,87.63,0.35,12.66,3.95
192,국 및 탕류,채소류국.탕,감자국,700.0,220.07,37.01,17.0,2.16
193,국 및 탕류,채소류국.탕,감자된장국,400.0,98.0,14.8,4.3,2.4
194,국 및 탕류,채소류국.탕,근대된장국,450.0,109.26,8.14,15.31,3.21
195,국 및 탕류,채소류국.탕,김치콩나물국,400.0,48.0,4.6,3.3,1.9
196,국 및 탕류,채소류국.탕,김칫국,400.0,90.0,10.5,5.4,3.0
197,국 및 탕류,채소류국.탕,냉이된장국,400.0,86.0,8.8,6.9,2.6
198,국 및 탕류,채소류국.탕,맑은감자국,700.0,221.0,34.6,8.3,5.5
199,국 및 탕류,채소류국.탕,무된장국,450.0,104.0,14.7,6.1,2.4
200,국 및 탕류,채소류국.탕,무시래기된장국,400.0,61.0,8.1,5.2,0.9
201,국 및 탕류,채소류국.탕,미소된장국,150.0,37.97,1.7,4.14,1.75
202,국 및 탕류,채소류국.탕,배추된장국,700.0,121.53,11.04,13.96,3.63
203,국 및 탕류,채소류국.탕,시금치된장국,400.0,121.45,9.9,16.69,3.39
204,국 및 탕류,채소류국.탕,시래기된장국,450.0,99.12,10.68,10.02,2.54
205,국 및 탕류,채소류국.탕,쑥된장국,450.0,117.32,17.17,13.21,2.55
206,국 및 탕류,채소류국.탕,아욱된장국,450.0,103.53,9.96,12.0,2.94
207,국 및 탕류,채소류국.탕,애호박된장국,400.0,122.0,5.6,13.4,5.2
208,국 및 탕류,채소류국.탕,얼갈이배춧국,400.0,36.0,3.4,2.0,1.6
209,국 및 탕류,채소류국.탕,우거지곰탕,350.0,88.0,9.1,8.3,2.1
210,국 및 탕류,채소류국.탕,우거지된장국,450.0,85.97,13.72,6.44,1.81
211,국 및 탕류,채소류국.탕,우거지해장국,600.0,158.5,14.86,14.19,5.73
212,국 및 탕류,채소류국.탕,일본된장국,200.0,20.0,0.4,1.4,1.5
213,국 및 탕류,채소류국.탕,초당순두부국,900.0,522.69,15.8,49.1,29.2
214,국 및 탕류,채소류국.탕,콩나물국,400.0,22.53,1.26,1.82,1.42
215,국 및 탕류,채소류국.탕,콩나물국밥,900.0,432.38,88.73,12.5,3.52
216,국 및 탕류,채소류국.탕,콩나물된장국,400.0,123.0,10.5,10.3,4.5
217,국 및 탕류,채소류국.탕,토란국,250.0,462.97,85.16,23.89,7.07
218,국 및 탕류,채소류국.탕,토마토 미소된장국,196.0,46.85,5.29,3.43,1.33
219,국 및 탕류,채소류국.탕,호박잎된장국,350.0,23.0,1.9,1.4,1.1
220,국 및 탕류,채소류국.탕,홍합 배춧국,240.0,23.07,2.14,2.01,0.72
221,김치류,김치,갓김치,50.0,27.64,5.21,1.98,0.7
222,김치류,김치,고구마 김치,62.0,95.86,22.44,0.91,0.27
223,김치류,김치,고들빼기김치,50.0,35.0,5.8,1.5,0.7
224,김치류,김치,깍두기,50.0,17.99,3.94,1.0,0.23
225,김치류,김치,깻잎김치,150.0,124.49,23.27,6.1,3.16
226,김치류,김치,나박김치,100.0,14.75,2.26,0.63,0.42
227,김치류,김치,돌나물물김치,400.0,19.0,3.0,1.2,0.3
228,김치류,김치,동치미,400.0,57.69,14.26,2.7,0.64
229,김치류,김치,무말랭이 김치,35.0,10.86,2.56,0.14,0.0
230,김치류,김치,무염 겉절이,32.0,11.96,2.53,0.45,0.01
231,김치류,김치,배 깍두기,56.0,31.66,6.33,0.72,0.39
232,김치류,김치,배추겉절이,50.0,21.24,4.48,0.94,0.5
233,김치류,김치,배추김치,50.0,18.43,4.16,1.14,0.3
234,김치류,김치,백김치,50.0,19.8,4.38,0.8,0.26
235,김치류,김치,보쌈김치,90.0,27.0,3.4,2.0,0.7
236,김치류,김치,부추김치,50.0,32.91,6.29,1.88,0.57
237,김치류,김치,오이 물김치,55.0,13.46,2.99,0.34,0.02
238,김치류,김치,얼갈이배추김치,80.0,50.0,8.7,1.3,1.2
239,김치류,김치,열무김치,50.0,16.28,3.16,1.34,0.35
240,김치류,김치,열무얼갈이김치,50.0,16.57,3.03,1.27,0.4
241,김치류,김치,오이김치,70.0,26.0,4.0,1.4,0.6
242,김치류,김치,오이소박이,50.0,16.67,2.96,0.94,0.53
243,김치류,김치,저염 겉절이,33.0,13.11,2.05,0.72,0.23
244,김치류,김치,총각김치,50.0,17.56,3.44,1.03,0.37
245,김치류,김치,파김치,50.0,28.0,5.47,1.55,0.7
246,면 및 만두류,국수류,골뱅이국수무침,230.0,256.42,39.63,10.52,7.01
247,면 및 만두류,국수류,김치말이국수,600.0,310.38,60.76,10.42,2.47
248,면 및 만두류,국수류,김치우동,800.0,512.71,99.06,16.74,4.74
249,면 및 만두류,국수류,냉김치말이국수,600.0,302.53,52.0,12.9,4.8
250,면 및 만두류,국수류,닭칼국수,900.0,643.1,70.24,39.86,19.59
251,면 및 만두류,국수류,둘깨칼국수,600.0,457.88,59.8,17.6,16.5
252,면 및 만두류,국수류,막국수,550.0,566.89,111.3,26.95,5.09
253,면 및 만두류,국수류,메밀국수,600.0,588.67,120.09,25.26,4.53
254,면 및 만두류,국수류,바지락칼국수,700.0,576.0,111.8,24.0,3.7
255,면 및 만두류,국수류,볶음우동,300.0,377.92,62.26,9.59,10.81
256,면 및 만두류,국수류,비빔국수,550.0,577.17,114.48,16.7,9.55
257,면 및 만두류,국수류,삼선우동,1000.0,692.26,89.2,56.17,10.53
258,면 및 만두류,국수류,쌀국수,600.0,321.33,46.2,21.85,5.81
259,면 및 만두류,국수류,열무김치국수,800.0,488.32,81.61,21.94,8.22
260,면 및 만두류,국수류,올갱이국수,1500.0,566.0,111.6,11.2,8.3
261,면 및 만두류,국수류,우동,800.0,679.0,97.7,14.3,25.8
262,면 및 만두류,국수류,일식우동,700.0,420.79,81.23,16.93,1.74
263,면 및 만두류,국수류,잔치국수,700.0,564.23,104.66,20.26,6.23
264,면 및 만두류,국수류,장칼국수,100.0,209.0,46.0,4.0,1.1
265,면 및 만두류,국수류,쟁반국수,450.0,535.0,57.7,30.0,20.5
266,면 및 만두류,국수류,칼국수,700.0,540.0,104.3,23.1,3.5
267,면 및 만두류,국수류,콩국수,800.0,623.5,67.12,47.8,20.43
268,면 및 만두류,국수류,해물칼국수,900.0,621.2,124.21,24.87,4.01
269,면 및 만두류,기타 면 및 만두류,대패삼겹 불냉면,100.0,181.0,26.0,8.0,4.6
270,면 및 만두류,기타 면 및 만두류,물냉면,800.0,579.71,96.4,28.78,9.78
271,면 및 만두류,기타 면 및 만두류,비빔냉면,550.0,594.31,91.49,23.7,9.13
272,면 및 만두류,기타 면 및 만두류,수제비,800.0,622.15,99.22,38.53,6.54
273,면 및 만두류,기타 면 및 만두류,얼큰 콩나물 수제비,333.0,228.82,47.95,9.06,0.09
274,면 및 만두류,기타 면 및 만두류,우삼겹 치즈쫄면,100.0,281.0,29.0,12.0,13.0
275,면 및 만두류,기타 면 및 만두류,쫄면,450.0,622.42,110.85,12.36,6.93
276,면 및 만두류,기타 면 및 만두류,회냉면,550.0,638.9,131.9,20.22,8.78
277,면 및 만두류,라면류,김치라면,650.0,512.26,80.57,12.97,20.34
278,면 및 만두류,라면류,달걀라면,550.0,596.0,95.3,14.4,17.5
279,면 및 만두류,라면류,떡라면,700.0,672.18,121.08,15.45,17.58
280,면 및 만두류,라면류,라면,550.0,509.33,83.17,14.08,17.75
281,면 및 만두류,라면류,짜장라면,250.0,409.38,63.78,12.01,14.85
282,면 및 만두류,라면류,짬뽕라면,750.0,633.34,88.79,31.41,24.63
283,면 및 만두류,라면류,치즈라면,600.0,598.67,83.53,23.35,23.28
284,면 및 만두류,만두류,고기만두,250.0,454.38,55.32,18.66,18.24
285,면 및 만두류,만두류,군만두,180.0,528.0,44.0,16.0,32.0
286,면 및 만두류,만두류,김치만두,250.0,424.64,60.79,18.43,13.1
287,면 및 만두류,만두류,만두,220.0,397.0,39.8,19.0,18.0
288,면 및 만두류,만두류,물만두,120.0,158.05,20.48,5.86,5.84
289,면 및 만두류,만두류,야끼 만두,80.0,252.0,32.0,4.0,12.0
290,면 및 만두류,스파게티류,까브로나라파스타,339.0,565.0,69.97,14.71,24.61
291,면 및 만두류,스파게티류,들깨 크림 파스타,100.0,208.0,27.0,7.0,8.0
292,면 및 만두류,스파게티류,명란파스타,100.0,298.0,35.0,8.0,14.0
293,면 및 만두류,스파게티류,미트볼 토마토 스파게티,500.0,898.0,88.1,36.7,44.4
294,면 및 만두류,스파게티류,미트소스파스타,335.0,491.0,71.46,17.92,14.91
295,면 및 만두류,스파게티류,바질 크림 빠네 파스타,100.0,277.0,33.0,7.0,13.0
296,면 및 만두류,스파게티류,쉬림프 로제 파스타,100.0,215.0,24.0,5.0,11.0
297,면 및 만두류,스파게티류,알리오올리오파스타,302.0,465.0,75.2,12.38,13.47
298,면 및 만두류,스파게티류,오일소스스파게티,400.0,626.58,99.24,14.68,16.58
299,면 및 만두류,스파게티류,크림소스스파게티,400.0,825.06,85.88,19.44,45.4
300,면 및 만두류,스파게티류,토마토소스스파게티,500.0,642.18,102.07,20.22,17.37
301,면 및 만두류,스파게티류,토마토파스타,331.0,346.0,68.98,13.44,2.32
302,면 및 만두류,스파게티류,트러플 크림 파스타,100.0,226.0,28.0,6.0,10.0
303,면 및 만두류,스파게티류,해물크림소스스파게티,500.0,917.57,86.97,30.39,49.79
304,면 및 만두류,스파게티류,해물토마토소스스파게티,500.0,584.44,87.24,27.97,13.73
305,면 및 만두류,중식면류,간짜장,500.0,625.0,75.7,25.6,24.4
306,면 및 만두류,중식면류,굴짬뽕,900.0,640.77,115.82,37.39,7.76
307,면 및 만두류,중식면류,기스면,1000.0,645.61,98.3,43.52,11.0
308,면 및 만두류,중식면류,삼선자장면,700.0,787.84,111.57,38.33,24.68
309,면 및 만두류,중식면류,삼선짬뽕,900.0,629.1,89.31,39.17,13.45
310,면 및 만두류,중식면류,열무냉면,800.0,525.49,97.52,20.84,5.78
311,면 및 만두류,중식면류,우동(일식),700.0,421.51,74.2,13.39,7.91
312,면 및 만두류,중식면류,우동(중식),1000.0,648.47,85.37,29.45,21.02
313,면 및 만두류,중식면류,울면,1000.0,728.86,128.18,37.46,7.37
314,면 및 만두류,중식면류,짜장면,600.0,529.0,86.2,16.2,13.3
315,면 및 만두류,중식면류,짬뽕,1000.0,650.31,118.54,25.52,13.52
316,밥류,기타 밥류,곤드레나물밥,350.0,521.83,98.9,10.3,9.5
317,밥류,기타 밥류,국밥,800.0,418.35,58.6,27.6,8.2
318,밥류,기타 밥류,돼지머리국밥,900.0,1233.0,143.4,60.3,46.5
319,밥류,기타 밥류,무밥,200.0,266.0,56.3,7.3,1.3
320,밥류,기타 밥류,묵밥,950.0,642.16,128.6,14.8,7.7
321,밥류,기타 밥류,소고기국밥,700.0,331.71,54.93,16.04,4.74
322,밥류,기타 밥류,영양돌솥밥,350.0,643.0,126.2,12.0,10.0
323,밥류,기타 밥류,주먹밥,150.0,209.56,36.18,6.7,3.46
324,밥류,기타 밥류,콩나물국밥,780.0,403.0,85.2,11.3,1.9
325,밥류,기타 밥류,콩나물밥,320.0,392.0,71.7,15.0,5.1
326,밥류,김밥(초밥)류,갈비삼각김밥,100.0,183.18,32.75,6.86,2.6
327,밥류,김밥(초밥)류,고추김밥,290.0,490.0,79.8,14.1,12.8
328,밥류,김밥(초밥)류,고추장불고기 삼각김밥,100.0,165.29,34.11,3.66,1.58
329,밥류,김밥(초밥)류,광어초밥,300.0,471.66,72.53,33.74,3.21
330,밥류,김밥(초밥)류,김밥,230.0,322.0,46.0,11.1,10.5
331,밥류,김밥(초밥)류,김치김밥,250.0,377.26,71.8,11.45,4.62
332,밥류,김밥(초밥)류,날치알김밥,260.0,461.0,74.5,15.9,11.1
333,밥류,김밥(초밥)류,농어초밥,250.0,414.78,74.14,19.92,2.37
334,밥류,김밥(초밥)류,돈까스김밥,320.0,646.0,101.2,18.5,18.6
335,밥류,김밥(초밥)류,멸치주먹밥,150.0,312.0,54.3,9.0,6.6
336,밥류,김밥(초밥)류,문어초밥,250.0,377.97,71.83,16.9,1.03
337,밥류,김밥(초밥)류,새우초밥,250.0,395.54,69.54,22.74,1.21
338,밥류,김밥(초밥)류,새우튀김롤,300.0,572.02,81.5,21.11,18.9
339,밥류,김밥(초밥)류,샐러드김밥,250.0,422.43,75.84,12.76,7.51
340,밥류,김밥(초밥)류,생선모듬초밥,380.0,607.0,101.5,36.7,6.1
341,밥류,김밥(초밥)류,생선초밥(광어),300.0,453.78,77.55,27.07,3.92
342,밥류,김밥(초밥)류,생선초밥(모듬),300.0,461.97,76.43,25.42,6.06
343,밥류,김밥(초밥)류,소고기김밥,250.0,425.67,76.07,14.67,6.64
344,밥류,김밥(초밥)류,쇠고기주먹밥,200.0,355.0,69.5,9.5,4.4
345,밥류,김밥(초밥)류,숯불갈비 삼각김밥,100.0,161.24,32.55,4.0,1.67
346,밥류,김밥(초밥)류,연어롤,300.0,510.19,74.32,18.57,15.4
347,밥류,김밥(초밥)류,연어초밥,250.0,451.03,70.87,24.94,5.76
348,밥류,김밥(초밥)류,유부초밥,250.0,463.21,78.47,12.37,11.23
349,밥류,김밥(초밥)류,장어초밥,400.0,486.35,74.84,16.33,12.73
350,밥류,김밥(초밥)류,참치김밥,250.0,401.22,47.55,19.82,14.59
351,밥류,김밥(초밥)류,참치마요삼각김밥,100.0,189.58,31.93,8.11,2.89
352,밥류,김밥(초밥)류,채소 초밥,280.0,393.26,87.64,7.59,1.37
353,밥류,김밥(초밥)류,채소김밥,280.0,442.0,74.6,12.9,10.2
354,밥류,김밥(초밥)류,충무김밥,400.0,583.93,109.16,23.42,5.96
355,밥류,김밥(초밥)류,치즈김밥 ,250.0,462.23,77.12,17.12,8.84
356,밥류,김밥(초밥)류,캘리포니아롤,300.0,468.16,81.22,12.8,9.73
357,밥류,김밥(초밥)류,한치초밥,250.0,389.96,77.31,13.54,1.2
358,밥류,덮밥류,낙지덮밥,350.0,525.0,84.4,20.6,11.7
359,밥류,덮밥류,닭고기덮밥,410.0,510.0,60.8,46.8,8.9
360,밥류,덮밥류,류산슬덮밥,550.0,574.99,73.95,26.96,19.04
361,밥류,덮밥류,모듬회덮밥,410.0,593.0,72.8,37.3,17.0
362,밥류,덮밥류,불고기덮밥,500.0,699.96,92.09,29.31,21.4
363,밥류,덮밥류,송이덮밥,600.0,600.42,103.57,16.28,14.45
364,밥류,덮밥류,오므라이스,450.0,684.99,101.62,23.15,19.75
365,밥류,덮밥류,오징어덮밥,500.0,693.98,83.43,40.59,20.92
366,밥류,덮밥류,자장밥,500.0,729.62,98.08,25.76,24.95
367,밥류,덮밥류,잡채밥,650.0,851.54,125.7,21.14,28.61
368,밥류,덮밥류,잡탕밥,750.0,737.23,100.55,29.02,22.48
369,밥류,덮밥류,장어덮밥,400.0,671.72,103.04,26.14,19.24
370,밥류,덮밥류,제육덮밥,500.0,796.94,95.8,37.8,27.52
371,밥류,덮밥류,짜장밥,470.0,572.0,73.2,20.1,22.2
372,밥류,덮밥류,참치덮밥,500.0,679.1,102.93,29.2,16.73
373,밥류,덮밥류,카레라이스,500.0,653.24,92.58,13.4,10.67
374,밥류,덮밥류,하이라이스,360.0,477.6,84.59,7.92,9.67
375,밥류,덮밥류,해물덮밥,700.0,837.98,100.11,51.77,29.0
376,밥류,덮밥류,회덮밥,500.0,698.0,101.75,42.99,11.4
377,밥류,볶음밥류,계란볶음밥,260.0,584.0,63.0,17.2,29.3
378,밥류,볶음밥류,김치볶음밥,500.0,656.98,79.29,8.74,5.06
379,밥류,볶음밥류,볶음밥,400.0,687.74,100.33,24.46,19.29
380,밥류,볶음밥류,불고기필라프,259.0,465.0,85.19,11.42,9.25
381,밥류,볶음밥류,삼선볶음밥,400.0,683.62,113.43,19.26,16.84
382,밥류,볶음밥류,새우볶음밥,400.0,634.52,91.62,24.12,17.9
383,밥류,볶음밥류,새우필라프,253.0,438.0,77.47,9.72,9.56
384,밥류,볶음밥류,쇠고기볶음밥,260.0,456.0,56.6,19.7,16.9
385,밥류,볶음밥류,알밥,400.0,606.54,92.1,15.16,3.45
386,밥류,볶음밥류,참치볶음밥,230.0,412.0,75.7,10.6,7.5
387,밥류,볶음밥류,채소볶음밥,260.0,474.0,74.7,12.3,14.0
388,밥류,볶음밥류,표고버섯볶음밥,300.0,551.0,95.4,10.1,14.4
389,밥류,볶음밥류,해물볶음밥,400.0,659.23,85.19,22.68,23.71
390,밥류,비빔밥류,돌솥비빔밥,380.0,558.0,93.8,20.5,11.2
391,밥류,비빔밥류,멍게비빔밥,400.0,547.21,90.7,16.6,13.1
392,밥류,비빔밥류,비빔밥,450.0,637.0,84.8,30.9,19.4
393,밥류,비빔밥류,산채비빔밥 ,400.0,495.89,89.66,10.66,10.99
394,밥류,비빔밥류,약초비빔밥,400.0,511.8,80.2,11.9,15.9
395,밥류,비빔밥류,열무비빔밥,400.0,445.66,90.03,12.99,3.16
396,밥류,비빔밥류,육회비빔밥,450.0,661.41,91.74,32.0,17.54
397,밥류,비빔밥류,전주비빔밥,450.0,662.19,92.99,15.84,13.03
398,밥류,쌀밥.잡곡밥류,감자밥,200.0,308.0,68.64,5.68,0.08
399,밥류,쌀밥.잡곡밥류,검정콩밥,200.0,330.0,68.6,9.1,2.2
400,밥류,쌀밥.잡곡밥류,곤드레밥,350.0,506.8,108.05,14.14,8.37
401,밥류,쌀밥.잡곡밥류,기장밥,200.0,331.0,73.5,6.9,1.1
402,밥류,쌀밥.잡곡밥류,돌솥밥,350.0,528.86,101.85,10.19,8.35
403,밥류,쌀밥.잡곡밥류,보리밥,200.0,316.1,70.57,5.55,0.14
404,밥류,쌀밥.잡곡밥류,수수밥,200.0,321.0,70.0,6.3,1.8
405,밥류,쌀밥.잡곡밥류,쌀밥,210.0,334.8,73.71,5.76,0.45
406,밥류,쌀밥.잡곡밥류,오곡밥,250.0,388.82,82.32,11.95,1.3
407,밥류,쌀밥.잡곡밥류,완두콩밥,200.0,276.0,62.5,5.9,0.3
408,밥류,쌀밥.잡곡밥류,잡곡밥,200.0,292.0,58.6,10.6,1.7
409,밥류,쌀밥.잡곡밥류,차조밥,200.0,313.0,69.7,5.7,1.3
410,밥류,쌀밥.잡곡밥류,찰밥,280.0,429.0,94.0,12.3,0.5
411,밥류,쌀밥.잡곡밥류,콩밥,200.0,322.9,65.85,8.43,1.67
412,밥류,쌀밥.잡곡밥류,팥밥,200.0,286.0,64.5,6.6,0.2
413,밥류,쌀밥.잡곡밥류,현미밥,230.0,351.35,77.88,6.66,1.1
414,밥류,쌀밥.잡곡밥류,흑미밥,200.0,318.0,70.29,5.44,0.39
415,볶음류,떡볶이류,국물떡볶이 ,100.0,154.0,30.0,4.0,2.0
416,볶음류,떡볶이류,떡볶이,200.0,300.76,58.85,8.72,2.96
417,볶음류,떡볶이류,라볶이,200.0,266.03,41.13,7.96,9.59
418,볶음류,떡볶이류,매운 짜장 떡볶이,100.0,166.0,32.0,5.0,2.0
419,볶음류,떡볶이류,수제비 떡볶이,100.0,236.0,42.0,8.0,4.4
420,볶음류,떡볶이류,짜장떡볶이 ,100.0,135.0,23.0,4.0,2.9
421,볶음류,떡볶이류,채소떡볶이,200.0,515.0,114.1,6.2,3.8
422,볶음류,떡볶이류,청양 국물 떡볶이,100.0,155.0,27.0,5.0,3.0
423,볶음류,떡볶이류,치즈떡볶이,28.0,49.0,9.0,1.0,0.7
424,볶음류,어패류볶음,바질베스토감바스,100.0,324.0,11.0,7.0,28.0
425,볶음류,어패류볶음,마라샹궈,100.0,202.0,11.0,8.0,14.0
426,볶음류,어패류볶음,감바스 알아히요,100.0,325.0,9.0,7.0,29.0
427,볶음류,어패류볶음,건새우볶음,20.0,69.19,4.81,7.22,2.3
428,볶음류,어패류볶음,꽈리고추멸치볶음,50.0,126.0,4.0,11.8,7.0
429,볶음류,어패류볶음,낙지볶음,200.0,180.59,23.51,17.87,3.0
430,볶음류,어패류볶음,마늘쫑잔멸치볶음,50.0,58.0,7.7,3.8,1.4
431,볶음류,어패류볶음,매콤오징어볶음 ,100.0,114.0,14.0,10.0,1.9
432,볶음류,어패류볶음,멸치견과류볶음,50.0,206.0,9.2,15.2,12.2
433,볶음류,어패류볶음,멸치마늘쫑볶음,50.0,138.0,6.2,16.2,5.4
434,볶음류,어패류볶음,멸치볶음,20.0,69.22,5.69,6.97,2.04
435,볶음류,어패류볶음,멸치풋고추볶음,20.0,52.38,3.41,4.65,2.24
436,볶음류,어패류볶음,문어고추장볶음,200.0,175.0,17.2,21.9,2.0
437,볶음류,어패류볶음,미역줄기볶음,80.0,61.0,3.9,0.8,4.8
438,볶음류,어패류볶음,새우볶음,200.0,166.0,11.9,19.8,4.4
439,볶음류,어패류볶음,어묵볶음,150.0,281.54,36.28,18.04,8.08
440,볶음류,어패류볶음,어묵잡채,280.0,414.0,73.2,6.6,10.6
441,볶음류,어패류볶음,어묵채소볶음 ,90.0,136.0,15.5,5.7,5.8
442,볶음류,어패류볶음,오징어볶음,200.0,243.7,27.42,20.43,6.84
443,볶음류,어패류볶음,오징어채볶음,20.0,55.71,7.0,5.39,0.69
444,볶음류,어패류볶음,잔멸치견과류볶음,50.0,193.0,11.3,12.2,11.1
445,볶음류,어패류볶음,잔멸치고추볶음,50.0,114.0,2.9,16.6,4.0
446,볶음류,어패류볶음,잔멸치꽈리고추볶음,50.0,146.0,4.6,12.4,8.7
447,볶음류,어패류볶음,잔멸치볶음,50.0,170.0,4.8,21.8,7.1
448,볶음류,어패류볶음,잔멸치풋고추볶음,50.0,127.0,8.5,14.1,4.2
449,볶음류,어패류볶음,주꾸미볶음,200.0,211.81,21.69,20.16,6.11
450,볶음류,어패류볶음,참치 김치볶음,100.0,121.0,7.1,8.3,6.7
451,볶음류,어패류볶음,통오징어콩나물두루치기 ,100.0,106.0,12.0,10.0,2.1
452,볶음류,어패류볶음,풋고추멸치볶음,50.0,94.0,6.7,10.3,3.0
453,볶음류,어패류볶음,해물볶음,400.0,420.53,36.53,37.48,15.32
454,볶음류,육류볶음,광양식 소불고기,100.0,179.0,9.0,11.0,11.0
455,볶음류,육류볶음,서울식 간장 닭갈비,100.0,159.0,11.0,13.0,7.0
456,볶음류,육류볶음,춘천식 양념 닭갈비,100.0,156.0,9.0,12.0,8.0
457,볶음류,육류볶음,비프팟타이,100.0,263.0,25.0,7.0,15.0
458,볶음류,육류볶음,닭가슴살야채볶음,100.0,82.0,3.0,13.0,1.6
459,볶음류,육류볶음,깻잎고추장제육볶음,100.0,193.0,10.0,9.0,13.0
460,볶음류,육류볶음,간장제육볶음 ,100.0,157.0,9.0,10.0,9.0
461,볶음류,육류볶음,난자완스,200.0,346.25,19.15,21.63,20.35
462,볶음류,육류볶음,닭가슴살피망볶음,80.0,97.0,1.1,13.1,4.5
463,볶음류,육류볶음,닭갈비,300.0,562.1,24.54,52.3,28.89
464,볶음류,육류볶음,닭발볶음,200.0,372.0,23.4,27.6,18.8
465,볶음류,육류볶음,닭볶음,300.0,558.0,23.8,41.9,32.9
466,볶음류,육류볶음,돈불고기 파인애플볶음,74.0,113.18,5.65,9.03,6.05
467,볶음류,육류볶음,돼지고기 짜글이,100.0,128.0,5.0,9.0,8.0
468,볶음류,육류볶음,돼지고기김치볶음,230.0,371.0,13.6,27.2,23.1
469,볶음류,육류볶음,돼지고기볶음,200.0,353.13,15.33,25.75,20.94
470,볶음류,육류볶음,돼지고기채소볶음,230.0,388.0,19.8,38.1,17.5
471,볶음류,육류볶음,돼지고기콩나물두루치기 ,100.0,169.0,12.0,10.0,9.0
472,볶음류,육류볶음,돼지곱창순대볶음,230.0,299.0,42.6,16.6,6.9
473,볶음류,육류볶음,돼지껍데기볶음,150.0,346.14,22.73,22.39,19.23
474,볶음류,육류볶음,돼지불백 ,100.0,157.0,9.0,10.0,9.0
475,볶음류,육류볶음,뚝배기불고기 ,100.0,132.0,8.0,7.0,8.0
476,볶음류,육류볶음,매콤 콩나물 불고기,100.0,160.0,12.0,10.0,8.0
477,볶음류,육류볶음,묵은지삼겹살볶음,200.0,302.0,16.8,11.5,21.0
478,볶음류,육류볶음,소불고기 ,100.0,166.0,10.0,9.0,10.0
479,볶음류,육류볶음,소세지볶음,200.0,559.0,28.8,23.9,38.7
480,볶음류,육류볶음,쇠고기고추장볶음,220.0,434.0,23.6,31.6,23.7
481,볶음류,육류볶음,쇠고기버섯볶음,230.0,330.0,15.9,26.7,17.8
482,볶음류,육류볶음,쇠고기볶음,190.0,543.0,5.4,33.2,43.2
483,볶음류,육류볶음,쇠고기채소볶음,230.0,288.0,14.8,29.4,12.4
484,볶음류,육류볶음,순대볶음,400.0,579.56,70.96,17.58,25.61
485,볶음류,육류볶음,오돌뼈볶음 ,100.0,82.0,13.0,3.0,1.7
486,볶음류,육류볶음,오삼불고기 ,100.0,150.0,13.0,11.0,6.0
487,볶음류,육류볶음,제육볶음,250.0,487.0,11.8,30.4,35.5
488,볶음류,육류볶음,죽순쇠고기볶음,230.0,276.0,8.7,31.5,12.9
489,볶음류,육류볶음,차돌박이 숙주 볶음,100.0,168.0,1.0,5.0,16.0
490,볶음류,육류볶음,치즈품은 닭갈비,100.0,180.0,17.0,10.0,8.0
491,볶음류,육류볶음,치킨데리야끼 ,100.0,112.0,8.0,11.0,4.1
492,볶음류,육류볶음,햄채소볶음,220.0,401.0,21.1,23.0,25.0
493,볶음류,중식볶음류,마파두부,200.0,226.92,10.99,16.85,12.01
494,볶음류,중식볶음류,유산슬,220.0,189.0,9.0,16.6,9.7
495,볶음류,중식볶음류,팔보채,220.0,196.0,7.5,27.3,6.4
496,볶음류,채소류볶음,무청시래기 된장볶음,100.0,151.0,7.0,6.0,11.0
497,볶음류,채소류볶음,감자볶음,50.0,57.8,8.23,1.34,2.53
498,볶음류,채소류볶음,감자채소볶음,130.0,139.0,17.0,2.6,6.8
499,볶음류,채소류볶음,고추볶음,100.0,69.0,8.2,1.9,3.2
500,볶음류,채소류볶음,고추잡채,200.0,264.22,22.11,12.86,12.71
501,볶음류,채소류볶음,김치볶음,200.0,189.97,21.83,5.29,12.13
502,볶음류,채소류볶음,김치양배추볶음,47.0,34.24,2.75,0.89,2.19
503,볶음류,채소류볶음,깻잎나물볶음,200.0,212.39,17.33,8.03,16.37
504,볶음류,채소류볶음,느타리버섯볶음,150.0,133.32,14.22,4.41,8.93
505,볶음류,채소류볶음,당근볶음,90.0,85.0,7.0,0.8,6.0
506,볶음류,채소류볶음,마늘쫑볶음,140.0,123.0,18.4,4.5,3.6
507,볶음류,채소류볶음,만가닥버섯볶음,43.0,25.34,3.31,1.61,0.63
508,볶음류,채소류볶음,머위나물볶음,150.0,102.99,7.71,4.3,7.95
509,볶음류,채소류볶음,브로콜리견과류볶음,55.0,113.45,5.29,3.03,8.91
510,볶음류,채소류볶음,브로콜리볶음,90.0,46.0,5.0,4.0,1.1
511,볶음류,채소류볶음,새송이버섯볶음,120.0,145.0,11.1,3.5,9.6
512,볶음류,채소류볶음,애호박볶음,50.0,29.0,2.7,0.7,1.8
513,볶음류,채소류볶음,양송이버섯볶음,150.0,132.42,10.55,5.46,9.79
514,볶음류,채소류볶음,양파볶음,80.0,44.0,7.6,0.8,1.2
515,볶음류,채소류볶음,콩나물잡채,230.0,153.0,28.9,4.4,2.2
516,볶음류,채소류볶음,표고버섯볶음,150.0,143.6,14.28,4.01,7.36
517,볶음류,채소류볶음,허니 치즈 프라이,100.0,307.0,22.0,3.0,23.0
518,볶음류,채소류볶음,호박볶음,50.0,29.18,3.09,0.77,2.01
519,빵류,기타 빵류,갈릭브레드,190.0,776.0,47.0,16.0,4.0
520,빵류,기타 빵류,건포도 스콘,90.0,392.0,57.0,5.0,16.0
521,빵류,기타 빵류,곰보빵,70.0,277.34,42.16,6.31,9.27
522,빵류,기타 빵류,마늘 빵,100.0,358.0,48.0,10.0,14.0
523,빵류,기타 빵류,마늘빵,50.0,219.0,29.0,6.0,8.8
524,빵류,기타 빵류,머핀,130.0,499.0,76.9,7.4,18.0
525,빵류,기타 빵류,모카번,80.0,313.0,37.0,5.0,11.0
526,빵류,기타 빵류,모카빵,150.0,507.0,86.9,12.8,12.1
527,빵류,기타 빵류,미니브라우니,107.0,394.0,60.7,5.92,13.58
528,빵류,기타 빵류,베이글,120.0,367.0,64.2,12.0,7.0
529,빵류,기타 빵류,블루베리 초코칩 스콘,110.0,485.0,67.0,7.0,21.0
530,빵류,기타 빵류,소보로빵,70.0,274.0,38.9,5.8,10.6
531,빵류,기타 빵류,스틱츄,175.0,648.0,90.0,9.0,28.0
532,빵류,기타 빵류,시나몬츄라이,180.0,872.0,100.0,10.0,48.0
533,빵류,기타 빵류,어니언츄라이,180.0,903.0,91.0,11.0,55.0
534,빵류,기타 빵류,초코 소라빵,70.0,222.0,36.2,2.3,7.7
535,빵류,기타 빵류,초코스콘,90.0,514.0,58.0,11.0,26.0
536,빵류,기타 빵류,초코필링츄,215.0,861.0,120.0,12.0,37.0
537,빵류,기타 빵류,츄러스,80.0,284.0,40.0,4.0,12.0
538,빵류,기타 빵류,치즈덕,165.0,439.0,35.0,14.0,27.0
539,빵류,기타 빵류,치즈스틱츄,175.0,643.0,91.0,9.0,27.0
540,빵류,기타 빵류,치즈츄러스,80.0,284.0,40.0,4.0,12.0
541,빵류,기타 빵류,칠리덕,165.0,438.0,37.0,14.0,26.0
542,빵류,기타 빵류,케이준츄라이,180.0,860.0,96.0,11.0,48.0
543,빵류,기타 빵류,크림갈릭볼,120.0,547.0,50.0,8.0,35.0
544,빵류,기타 빵류,플레인스콘,90.0,444.0,57.0,6.0,21.0
545,빵류,기타 빵류,피자빵,200.0,595.0,63.5,17.7,30.1
546,빵류,기타 빵류,허니버터브레드,190.0,790.0,42.0,16.0,20.0
547,빵류,기타 빵류,호떡,150.0,470.0,85.7,8.1,10.6
548,빵류,도넛류,고구마크림치즈도넛,69.0,202.4,28.4,4.7,7.8
549,빵류,도넛류,모짜렐라치즈도넛,70.0,193.2,27.6,7.5,5.9
550,빵류,도넛류,유자도넛,70.0,189.7,35.6,4.6,3.2
551,빵류,도넛류,찹쌀팥도넛,70.0,195.4,37.2,4.9,3.0
552,빵류,버거류,불고기버거,200.0,499.0,45.4,27.8,23.0
553,빵류,버거류,치킨버거,200.0,475.0,50.2,24.9,19.5
554,빵류,버거류,햄버거,200.0,527.0,43.3,25.7,27.9
555,빵류,샌드위치류,BLT샌드위치,220.0,423.0,18.6,20.9,29.6
556,빵류,샌드위치류,닭가슴살샌드위치,230.0,551.0,48.2,28.0,27.4
557,빵류,샌드위치류,루꼴라&햄 페스토 샌드위치,180.0,365.0,37.0,16.0,17.0
558,빵류,샌드위치류,매콤 치킨 치즈 샌드위치,240.0,470.0,50.0,25.0,19.0
559,빵류,샌드위치류,모짜렐라 치킨 머쉬룸 샌드위치,180.0,409.0,44.0,20.0,17.0
560,빵류,샌드위치류,불고기 치아바타,135.0,414.0,57.0,18.0,13.0
561,빵류,샌드위치류,불고기베이크,180.0,574.0,67.0,21.0,25.0
562,빵류,샌드위치류,불고기브리또,145.0,370.0,47.0,12.0,18.0
563,빵류,샌드위치류,소시지브리또,145.0,376.0,39.0,17.0,17.0
564,빵류,샌드위치류,에그 베이컨 브리오쉬,140.0,400.0,39.0,16.0,20.0
565,빵류,샌드위치류,에그 잼 사라다 샌드위치,170.0,346.0,43.0,12.0,14.0
566,빵류,샌드위치류,에그 햄 치즈 베이글,210.0,450.0,65.0,25.0,10.0
567,빵류,샌드위치류,잉글리쉬머핀,283.0,283.0,29.0,14.0,13.0
568,빵류,샌드위치류,참치샌드위치,250.0,555.0,36.5,23.3,35.1
569,빵류,샌드위치류,채소샌드위치,180.0,439.0,42.9,7.4,26.5
570,빵류,샌드위치류,크랜베리 아몬드 치킨 샌드위치,180.0,365.0,35.0,18.0,17.0
571,빵류,샌드위치류,크로크무슈,140.0,437.0,39.0,73.0,17.0
572,빵류,샌드위치류,햄 치즈 잉글리쉬 머핀,100.0,186.0,22.0,11.0,6.0
573,빵류,샌드위치류,햄 치즈 포카치아,100.0,191.0,21.0,11.0,7.0
574,빵류,샌드위치류,햄샌드위치,200.0,439.0,31.3,24.9,23.8
575,빵류,샌드위치류,햄에그 치아바타,155.0,412.0,46.0,20.0,13.0
576,빵류,샌드위치류,햄치즈샌드위치,240.0,433.0,45.8,21.1,18.4
577,빵류,식빵류,모닝빵,70.0,219.0,36.5,6.7,5.2
578,빵류,식빵류,블루베리 베이글,110.0,281.0,64.0,10.0,1.2
579,빵류,식빵류,식빵,100.0,264.0,50.9,9.3,2.6
580,빵류,식빵류,쌀 블루베리 베이글,120.0,321.0,63.0,13.0,2.0
581,빵류,식빵류,어니언 베이글,110.0,284.0,66.0,10.0,1.1
582,빵류,식빵류,치즈 베이글,110.0,356.0,62.0,11.0,5.1
583,빵류,식빵류,플레인 베이글,110.0,276.0,65.0,11.0,1.1
584,빵류,앙금빵류,만주,70.0,222.49,46.8,5.13,1.64
585,빵류,앙금빵류,찐빵,250.0,532.0,119.4,13.0,0.3
586,빵류,케이크류,그린파라다이스 케이크,100.0,270.0,35.0,5.0,13.0
587,빵류,케이크류,까망베르 치즈 타르트,85.0,258.0,27.0,6.0,14.0
588,빵류,케이크류,까망베르크런치 케이크,70.0,258.0,28.0,2.0,17.0
589,빵류,케이크류,뉴욕치즈 케이크,130.0,334.0,29.0,6.0,23.0
590,빵류,케이크류,다크초코롤,160.0,541.0,59.0,11.0,29.0
591,빵류,케이크류,당근파운드 케이크,95.0,334.0,41.0,0.0,17.0
592,빵류,케이크류,돌체티라미수,130.0,356.0,30.0,6.0,23.0
593,빵류,케이크류,딸기 크레이프 케익,105.0,234.0,26.0,3.0,14.0
594,빵류,케이크류,딸기마니아 케이크,90.0,249.0,36.0,4.0,10.0
595,빵류,케이크류,떠먹는 레드벨벳,110.0,390.0,34.0,5.0,26.0
596,빵류,케이크류,떠먹는 티라미수,120.0,341.0,23.0,6.0,25.0
597,빵류,케이크류,레드벨벳 스틱케이크,30.0,151.0,14.0,2.0,10.0
598,빵류,케이크류,롤케이크,100.0,311.0,44.0,7.4,11.8
599,빵류,케이크류,밀크 크레이프 케익,100.0,225.0,24.0,3.0,15.0
600,빵류,케이크류,밀크레이프,100.0,287.96,25.14,7.88,17.32
601,빵류,케이크류,블루베리 롤케익,110.0,254.0,29.0,5.0,13.0
602,빵류,케이크류,블루베리 요거트 케이크,90.0,235.0,133.0,2.0,11.0
603,빵류,케이크류,블루베리 크레이프 케익,105.0,236.0,27.0,3.0,14.0
604,빵류,케이크류,블루베리머핀,110.0,114.0,44.0,8.0,23.0
605,빵류,케이크류,쁘띠 까망베르 치즈 케익,300.0,948.0,86.0,16.0,60.0
606,빵류,케이크류,생크림 카스테라,210.0,700.0,66.0,10.0,44.0
607,빵류,케이크류,생크림케이크,100.0,237.0,27.6,3.4,12.5
608,빵류,케이크류,수플레치즈 케이크,85.0,233.0,21.0,5.0,14.0
609,빵류,케이크류,스윗밀크 롤케익,95.0,220.0,23.0,5.0,13.0
610,빵류,케이크류,스윗체리초코 케이크,90.0,236.0,33.0,4.0,13.0
611,빵류,케이크류,시카고 치즈 케익,110.0,409.0,28.0,9.0,29.0
612,빵류,케이크류,오레오크림치즈 케이크,110.0,334.0,31.0,4.0,21.0
613,빵류,케이크류,오렌지 머핀,138.0,557.0,61.0,9.0,33.0
614,빵류,케이크류,초코 스틱케이크,50.0,201.0,20.0,2.0,12.0
615,빵류,케이크류,초코무스 케이크,85.0,272.0,27.0,3.0,17.0
616,빵류,케이크류,초코티라미수,85.0,274.0,20.0,4.0,20.0
617,빵류,케이크류,초콜릿 무스 케익,120.0,448.0,34.0,6.0,32.0
618,빵류,케이크류,초콜릿케이크,100.0,420.24,43.6,5.32,24.96
619,빵류,케이크류,치즈 스틱케이크,50.0,235.0,22.0,2.0,15.0
620,빵류,케이크류,치즈머핀,110.0,410.0,46.0,8.0,3.0
621,빵류,케이크류,치즈케이크,100.0,329.14,28.64,7.22,20.63
622,빵류,케이크류,카스텔라,70.0,234.0,33.6,7.0,8.0
623,빵류,케이크류,캐롯 스틱케이크,50.0,127.0,14.0,1.0,7.0
624,빵류,케이크류,코코넛망고 케이크,100.0,298.0,35.0,4.0,15.0
625,빵류,케이크류,크림 치즈 머핀,128.0,525.0,68.0,9.0,29.0
626,빵류,케이크류,티라미수 큐브,160.0,467.0,39.0,6.0,31.0
627,빵류,케이크류,티라미수 크레이프,100.0,304.87,24.25,7.8,19.63
628,빵류,케이크류,헤이즐넛초코케익,205.0,907.0,69.0,16.0,63.0
629,빵류,크림빵류,버터크림빵,60.0,229.96,27.74,4.9,11.04
630,빵류,크림빵류,식빵토스트,100.0,365.0,51.5,8.8,13.8
631,빵류,"튀김빵류(도넛, 꽈배기 등)",감자크로켓,150.0,295.0,18.4,8.5,20.9
632,빵류,"튀김빵류(도넛, 꽈배기 등)",꽈배기,70.0,272.0,30.1,5.8,14.3
633,빵류,"튀김빵류(도넛, 꽈배기 등)",도넛,70.0,294.0,31.4,4.5,16.7
634,빵류,"튀김빵류(도넛, 꽈배기 등)",링도넛,100.0,514.0,46.2,7.9,33.2
635,빵류,"튀김빵류(도넛, 꽈배기 등)",찹쌀꽈배기,55.0,160.2,27.1,4.0,4.0
636,빵류,"튀김빵류(도넛, 꽈배기 등)",찹쌀모짜렐라치즈핫도그,95.0,266.3,34.0,8.8,10.5
637,빵류,"튀김빵류(도넛, 꽈배기 등)",찹쌀핫도그,95.0,280.3,33.1,8.2,12.8
638,빵류,"튀김빵류(도넛, 꽈배기 등)",매콤치즈 핫도그,120.0,313.0,33.0,7.0,31.0
639,빵류,"튀김빵류(도넛, 꽈배기 등)",치즈 핫도그,120.0,317.0,34.0,7.0,17.0
640,빵류,"튀김빵류(도넛, 꽈배기 등)",찹쌀도넛,70.0,201.0,38.9,4.2,3.2
641,빵류,"튀김빵류(도넛, 꽈배기 등)",채소고로케,100.0,300.65,31.19,7.12,16.38
642,빵류,"튀김빵류(도넛, 꽈배기 등)",핫도그,100.0,309.0,30.0,9.0,17.0
643,빵류,페이스트리류,사과파이,100.0,184.0,34.8,2.5,3.9
644,빵류,페이스트리류,생크림 크루아상,95.0,399.0,34.0,5.0,27.0
645,빵류,페이스트리류,크로아상,150.0,669.0,65.0,11.3,40.5
646,빵류,페이스트리류,페이스트리,70.0,326.0,29.1,5.8,20.8
647,빵류,페이스트리류,페이스트리빵,70.0,319.59,32.52,5.99,18.4
648,빵류,피자류,고구마 샐러드 피자,112.0,273.0,38.0,10.0,9.0
649,빵류,피자류,고구마스위트 피자,174.0,483.0,62.0,16.0,19.0
650,빵류,피자류,고구마피자,297.0,721.0,95.07,28.78,25.07
651,빵류,피자류,고르곤졸라피자,229.0,695.0,78.3,35.01,27.09
652,빵류,피자류,그릴드포크벨리 피자,177.0,448.0,56.0,20.0,16.0
653,빵류,피자류,나폴리슈림프피자,274.0,593.0,80.09,29.73,16.52
654,빵류,피자류,눈꽃치즈멕시카나 피자,162.0,373.0,43.0,21.0,13.0
655,빵류,피자류,눈꽃치즈스테이크피자,170.0,403.0,44.0,23.0,15.0
656,빵류,피자류,대만감자피자,155.0,365.0,47.0,15.0,13.0
657,빵류,피자류,더블치즈피자,110.0,319.0,40.0,15.0,11.0
658,빵류,피자류,더블치즈베이컨피자,126.0,353.0,40.0,19.0,13.0
659,빵류,피자류,더블포테이토피자,163.0,407.0,50.0,18.0,15.0
660,빵류,피자류,디아볼라피자,262.0,626.0,76.45,30.94,22.45
661,빵류,피자류,레드핫치킨피자,146.0,364.0,45.0,19.0,12.0
662,빵류,피자류,미트킹덤피자,159.0,389.0,50.0,18.0,13.0
663,빵류,피자류,베이컨포테이토피자,292.0,747.0,91.51,33.81,27.19
664,빵류,피자류,부라타치즈피자,251.0,619.0,73.02,30.25,22.94
665,빵류,피자류,불고기피자,200.0,505.0,61.2,27.4,16.7
666,빵류,피자류,쉬림프디럭스피자),138.0,313.0,43.0,15.0,9.0
667,빵류,피자류,슈퍼슈프림피자,134.0,352.0,44.0,17.0,12.0
668,빵류,피자류,슈퍼콤비네이션피자,256.0,626.0,79.0,27.62,22.4
669,빵류,피자류,아메리칸스페셜피자,135.0,379.0,42.0,19.0,15.0
670,빵류,피자류,청양페파로니피자,272.0,751.0,83.48,34.6,31.47
671,빵류,피자류,치즈피자,200.0,553.0,71.2,31.4,15.8
672,빵류,피자류,치킨바비큐피자),142.0,354.0,40.0,26.0,10.0
673,빵류,피자류,콤비네이션피자,200.0,548.0,51.1,21.3,28.7
674,빵류,피자류,클래식치즈피자,241.0,685.0,77.65,37.38,24.58
675,빵류,피자류,페파로니피자,267.0,746.0,83.68,35.32,29.74
676,빵류,피자류,페파로니매니아피자,283.0,816.0,85.32,38.12,35.97
677,빵류,피자류,포테이토피자,250.0,628.0,71.6,28.0,25.5
678,빵류,피자류,프랑크필레피자,151.0,391.0,47.0,17.0,15.0
679,빵류,피자류,하와이안피자,292.0,672.0,90.11,33.08,19.86
680,빵류,피자류,핫앤스파이시피자,140.0,370.0,44.0,17.0,14.0
681,빵류,피자류,햄앤체다피자,221.0,597.0,72.66,28.88,21.35
682,생채및 무침류,기타 무침류,닭고기냉채,240.0,215.0,12.0,31.4,4.7
683,생채및 무침류,기타 무침류,탕평채,100.0,101.19,10.2,3.53,3.11
684,생채및 무침류,나물.채소류무침,가죽나물무침,80.0,60.0,8.0,4.7,1.1
685,생채및 무침류,나물.채소류무침,고구마순나물,35.0,50.18,2.13,1.59,3.99
686,생채및 무침류,나물.채소류무침,노각무침,150.0,81.35,16.43,3.09,2.07
687,생채및 무침류,나물.채소류무침,느타리버섯무침,150.0,88.0,5.2,4.1,5.7
688,생채및 무침류,나물.채소류무침,단무지무침,50.0,19.19,3.22,0.47,0.91
689,생채및 무침류,나물.채소류무침,달래나물무침,150.0,132.69,25.26,4.77,3.3
690,생채및 무침류,나물.채소류무침,달래무침,60.0,37.0,3.6,1.7,1.8
691,생채및 무침류,나물.채소류무침,더덕무침,150.0,220.89,48.44,4.89,2.74
692,생채및 무침류,나물.채소류무침,도라지생채,150.0,165.22,38.59,4.15,1.71
693,생채및 무침류,나물.채소류무침,도라지오이생채,160.0,76.0,10.1,2.7,2.8
694,생채및 무침류,나물.채소류무침,도토리묵 무침,200.0,147.0,21.8,1.9,5.9
695,생채및 무침류,나물.채소류무침,돌나물무침,50.0,34.0,4.2,0.8,1.6
696,생채및 무침류,나물.채소류무침,두릅초고추장무침,90.0,60.0,7.1,1.9,2.7
697,생채및 무침류,나물.채소류무침,마늘쫑무침,30.0,38.12,9.35,0.98,0.28
698,생채및 무침류,나물.채소류무침,매운 락교무침,68.0,36.5,8.02,0.69,0.18
699,생채및 무침류,나물.채소류무침,무말랭이,30.0,39.89,9.63,1.36,0.34
700,생채및 무침류,나물.채소류무침,무말랭이무침,20.0,24.0,4.5,0.8,0.3
701,생채및 무침류,나물.채소류무침,무생채,150.0,73.68,16.0,2.63,1.28
702,생채및 무침류,나물.채소류무침,미나리무침,90.0,41.0,4.9,1.2,1.9
703,생채및 무침류,나물.채소류무침,민들레잎무침,90.0,72.0,11.1,2.4,2.1
704,생채및 무침류,나물.채소류무침,부추무침,100.0,92.0,6.2,3.5,5.9
705,생채및 무침류,나물.채소류무침,비름나물 된장무침,35.0,24.63,2.5,1.21,1.09
706,생채및 무침류,나물.채소류무침,삼색나물 & 토마토양념장,42.0,35.96,5.71,1.71,0.71
707,생채및 무침류,나물.채소류무침,상추겉절이,200.0,130.62,17.99,5.65,6.25
708,생채및 무침류,나물.채소류무침,쑥갓나물무침,150.0,94.86,8.78,5.49,6.51
709,생채및 무침류,나물.채소류무침,아욱 된장무침,23.0,11.26,1.16,0.9,0.34
710,생채및 무침류,나물.채소류무침,양파부추무침,100.0,44.0,6.8,1.8,1.1
711,생채및 무침류,나물.채소류무침,열무겉절이,100.0,57.0,5.4,2.4,2.9
712,생채및 무침류,나물.채소류무침,오이부추무침,100.0,31.0,5.0,2.0,0.4
713,생채및 무침류,나물.채소류무침,오이생채,50.0,23.36,4.63,0.88,0.5
714,생채및 무침류,나물.채소류무침,오이지무침,100.0,52.0,4.2,1.0,3.5
715,생채및 무침류,나물.채소류무침,유부 우엉 잡채,19.0,40.71,3.02,1.13,2.68
716,생채및 무침류,나물.채소류무침,유채나물무침,90.0,86.0,7.0,5.2,4.1
717,생채및 무침류,나물.채소류무침,잡채,150.0,198.82,37.47,2.59,4.7
718,생채및 무침류,나물.채소류무침,참나물무침,90.0,53.0,3.7,2.3,3.3
719,생채및 무침류,나물.채소류무침,청포묵무침,250.0,157.61,19.68,2.96,4.22
720,생채및 무침류,나물.채소류무침,취나물된장무침,90.0,39.0,3.7,2.8,1.5
721,생채및 무침류,나물.채소류무침,치커리겉절이,100.0,56.0,4.4,1.5,3.6
722,생채및 무침류,나물.채소류무침,콩나물고춧가루무침,90.0,83.0,5.3,3.5,5.3
723,생채및 무침류,나물.채소류무침,콩나물무침,50.0,34.0,1.6,1.9,2.3
724,생채및 무침류,나물.채소류무침,톳나물 두부무침,50.0,42.18,0.9,3.57,2.7
725,생채및 무침류,나물.채소류무침,파무침,150.0,124.3,19.47,3.82,5.41
726,생채및 무침류,나물.채소류무침,풋고추된장무침,100.0,123.0,12.0,2.4,7.4
727,생채및 무침류,나물.채소류무침,풋마늘무침,100.0,71.0,11.3,4.1,1.0
728,생채및 무침류,나물.채소류무침,호박오가리무침,100.0,200.0,21.5,6.1,10.0
729,생채및 무침류,샐러드,감자샐러드,150.0,189.0,18.4,2.0,12.0
730,생채및 무침류,샐러드,과일샐러드,140.0,138.0,13.0,1.8,8.9
731,생채및 무침류,샐러드,단호박견과류샐러드,70.0,100.79,15.96,2.91,2.81
732,생채및 무침류,샐러드,단호박샐러드,150.0,242.0,28.1,2.2,13.4
733,생채및 무침류,샐러드,닭가슴살샐러드,150.0,203.0,8.0,10.8,14.2
734,생채및 무침류,샐러드,마늘칩 감자샐러드,55.0,80.12,10.18,1.19,3.85
735,생채및 무침류,샐러드,새싹채소샐러드,100.0,74.0,5.0,2.8,4.8
736,생채및 무침류,샐러드,양배추샐러드,150.0,225.0,12.7,4.0,17.6
737,생채및 무침류,샐러드,양상추샐러드,150.0,188.0,5.1,7.4,15.4
738,생채및 무침류,샐러드,연근샐러드 & 흑임자소스,20.0,28.76,3.82,0.69,1.19
739,생채및 무침류,샐러드,옥수수샐러드,160.0,265.0,20.3,3.1,19.1
740,생채및 무침류,샐러드,완두콩과 당근을 넣은 감자요거트샐러드,53.0,43.5,8.22,1.58,0.48
741,생채및 무침류,샐러드,이탈리안샐러드,146.0,102.0,10.04,2.29,6.29
742,생채및 무침류,샐러드,참치샐러드,150.0,226.0,11.3,16.2,13.0
743,생채및 무침류,샐러드,채소샐러드,160.0,232.0,8.2,1.9,21.4
744,생채및 무침류,샐러드,치즈두부샐러드,65.0,104.06,7.87,6.2,5.31
745,생채및 무침류,샐러드,치킨랜치샐러드,175.0,263.0,11.92,11.25,18.8
746,생채및 무침류,샐러드,코울슬로샐러드,49.0,38.47,3.65,0.61,2.38
747,생채및 무침류,샐러드,콘 샐러드,100.0,121.0,17.0,2.0,5.0
748,생채및 무침류,어패류무침,가오리회무침,230.0,186.0,14.6,26.1,2.7
749,생채및 무침류,어패류무침,골뱅이무침,100.0,107.35,15.56,7.9,2.3
750,생채및 무침류,어패류무침,굴무생채,300.0,149.0,17.8,11.0,3.8
751,생채및 무침류,어패류무침,굴무침,80.0,61.0,5.8,5.3,1.9
752,생채및 무침류,어패류무침,김무침,30.0,81.01,12.19,4.71,4.12
753,생채및 무침류,어패류무침,낙지무침,180.0,137.0,7.1,22.3,2.2
754,생채및 무침류,어패류무침,다시마무침,90.0,43.0,6.1,2.3,1.1
755,생채및 무침류,어패류무침,미역초무침,50.0,24.94,5.7,1.07,0.54
756,생채및 무침류,어패류무침,밴댕이무침,400.0,600.01,46.0,29.8,33.0
757,생채및 무침류,어패류무침,북어채무침,150.0,332.05,31.33,37.37,5.8
758,생채및 무침류,어패류무침,서대회무침,300.0,315.21,45.9,22.6,4.6
759,생채및 무침류,어패류무침,오징어무침,200.0,249.52,13.55,38.67,4.19
760,생채및 무침류,어패류무침,오징어물회,700.0,339.0,22.8,43.3,8.4
761,생채및 무침류,어패류무침,오징어채무침,80.0,206.0,22.7,18.9,4.4
762,생채및 무침류,어패류무침,오징어채소무침,240.0,149.0,18.2,14.0,2.2
763,생채및 무침류,어패류무침,톳나물무침,90.0,67.0,11.0,1.7,1.9
764,생채및 무침류,어패류무침,파래무침,30.0,31.59,5.43,2.34,0.69
765,생채및 무침류,어패류무침,피조개무침,100.0,51.0,6.1,4.7,0.9
766,생채및 무침류,어패류무침,해초무침,100.0,39.0,8.5,0.9,0.2
767,생채및 무침류,어패류무침,해파리냉채,150.0,87.28,13.83,6.63,1.54
768,생채및 무침류,어패류무침,홍어무침,200.0,193.14,24.9,21.64,2.27
769,생채및 무침류,어패류무침,회무침,300.0,311.59,42.88,27.18,4.26
770,숙채류,나물.숙채류,가지나물,50.0,21.87,3.03,0.73,1.27
771,숙채류,나물.숙채류,건 취나물,50.0,44.0,3.2,1.8,2.7
772,숙채류,나물.숙채류,고구마줄기나물,50.0,30.44,2.97,0.63,2.24
773,숙채류,나물.숙채류,고사리나물,50.0,43.51,3.8,1.97,3.26
774,숙채류,나물.숙채류,고춧잎나물,90.0,79.0,6.4,4.0,4.2
775,숙채류,나물.숙채류,깻잎나물,50.0,38.0,2.5,1.3,2.6
776,숙채류,나물.숙채류,냉이나물,60.0,66.0,9.4,3.0,1.8
777,숙채류,나물.숙채류,도라지나물,50.0,54.68,5.34,0.67,3.82
778,숙채류,나물.숙채류,도토리묵,100.0,43.05,9.87,0.4,0.35
779,숙채류,나물.숙채류,도토리묵말이,1300.0,462.39,89.7,6.8,8.5
780,숙채류,나물.숙채류,머위대나물,50.0,28.0,2.4,2.0,1.3
781,숙채류,나물.숙채류,무나물,50.0,34.58,3.04,0.58,2.56
782,숙채류,나물.숙채류,미나리나물,50.0,28.34,2.56,0.99,2.14
783,숙채류,나물.숙채류,방풍나물,80.0,60.0,8.6,3.5,1.4
784,숙채류,나물.숙채류,배추나물,80.0,49.0,6.8,1.6,1.7
785,숙채류,나물.숙채류,비름나물,80.0,58.0,4.6,2.8,3.2
786,숙채류,나물.숙채류,숙주나물,50.0,19.51,1.56,1.31,1.35
787,숙채류,나물.숙채류,시금치나물,50.0,37.51,3.82,2.07,2.37
788,숙채류,나물.숙채류,시래기나물,50.0,56.0,3.9,2.2,3.6
789,숙채류,나물.숙채류,씀바귀나물,90.0,87.0,14.9,3.5,1.6
790,숙채류,나물.숙채류,열무나물,90.0,74.0,4.3,3.5,4.8
791,숙채류,나물.숙채류,열무된장나물,90.0,61.0,3.7,3.3,3.7
792,숙채류,나물.숙채류,오이나물,80.0,66.0,0.4,1.5,6.5
793,숙채류,나물.숙채류,우거지나물무침,150.0,126.11,10.28,5.08,8.66
794,숙채류,나물.숙채류,월남쌈,250.0,293.0,30.6,14.9,12.4
795,숙채류,나물.숙채류,취나물,50.0,72.94,3.46,1.6,6.71
796,숙채류,나물.숙채류,콩나물,50.0,24.13,1.14,1.64,1.98
797,숙채류,나물.숙채류,토란대나물,90.0,61.0,3.8,4.6,3.0
798,아이스크림류,빙수류,팥빙수,400.0,401.0,82.4,14.3,1.7
799,아이스크림류,아이스크림류,아이스크림,120.0,135.0,24.0,3.0,3.5
800,아이스크림류,아이스크림류,초코아이스크림,125.0,190.0,30.0,4.0,6.0
801,아이스크림류,아이스크림류,흑당아이스크림,155.0,251.0,53.0,3.0,2.7
802,음료 및 차류,과일.채소음료류,딸기주스,454.0,276.2,69.94,1.29,0.37
803,음료 및 차류,과일.채소음료류,망고바나나주스,100.0,67.0,13.6,1.06,0.93
804,음료 및 차류,과일.채소음료류,망고주스,100.0,29.4,6.46,0.09,0.35
805,음료 및 차류,과일.채소음료류,아이스 홍시,397.0,173.0,26.65,0.66,0.15
806,음료 및 차류,과일.채소음료류,초코바나나,100.0,62.9,11.4,1.45,1.28
807,음료 및 차류,과일.채소음료류,홍시에이드,101.0,42.14,10.3,0.18,0.02
808,음료 및 차류,기타 음료 및 차류,미숫가루,300.0,211.0,31.2,6.2,6.8
809,음료 및 차류,기타 음료 및 차류,수정과,150.0,133.0,20.34,0.6,5.47
810,음료 및 차류,기타 음료 및 차류,식혜,150.0,130.14,24.32,2.3,2.63
811,음료 및 차류,스무디류,요거트 스무디,397.0,359.0,79.0,2.4,3.7
812,음료 및 차류,스무디류,그린 티 탐앤치노,397.0,338.0,59.94,4.96,8.61
813,음료 및 차류,스무디류,그린민트 모카 탐앤치노,397.0,333.0,205.32,4.03,8.9
814,음료 및 차류,스무디류,그린민트 초콜릿 탐앤치노,397.0,418.5,213.99,6.16,14.3
815,음료 및 차류,스무디류,그린티프라페,414.0,338.0,63.0,0.0,7.0
816,음료 및 차류,스무디류,녹차프라페,100.0,71.1,12.3,1.55,1.74
817,음료 및 차류,스무디류,딸기스무디,100.0,64.7,12.2,0.66,1.47
818,음료 및 차류,스무디류,딸기요거트,100.0,75.1,15.8,1.73,0.55
819,음료 및 차류,스무디류,레몬 요거트 스무디,340.0,382.0,74.0,0.0,7.0
820,음료 및 차류,스무디류,딸기바나나 스무디,414.0,235.0,43.0,0.0,5.0
821,음료 및 차류,스무디류,망고스무디,100.0,58.1,12.2,0.75,0.7
822,음료 및 차류,스무디류,망고요거트,100.0,71.7,14.8,1.55,0.7
823,음료 및 차류,스무디류,모카 탐앤치노,397.0,303.19,53.87,4.54,7.54
824,음료 및 차류,스무디류,모카프라페,100.0,97.1,12.1,1.49,4.75
825,음료 및 차류,스무디류,민트초코 프라페,414.0,392.0,125.0,0.0,14.0
826,음료 및 차류,스무디류,민트프라페,100.0,90.5,11.0,0.97,4.74
827,음료 및 차류,스무디류,밀크쉐이크,470.0,418.0,59.0,14.0,14.0
828,음료 및 차류,스무디류,바닐라 탐앤치노,397.0,289.01,51.03,3.7,6.89
829,음료 및 차류,스무디류,블루베리 요거트 스무디,340.0,372.0,72.0,0.0,6.0
830,음료 및 차류,스무디류,시나몬 모카 탐앤치노,397.0,261.69,46.54,3.45,6.2
831,음료 및 차류,스무디류,시나몬 초콜릿 탐앤치노,397.0,339.89,58.66,5.55,8.67
832,음료 및 차류,스무디류,에스프레소 탐앤치노,397.0,236.14,37.15,3.16,7.62
833,음료 및 차류,스무디류,월넛치노,397.0,621.7,98.33,11.35,21.0
834,음료 및 차류,스무디류,자바 칩 탐앤치노,397.0,423.39,69.4,6.99,13.23
835,음료 및 차류,스무디류,자바칩 프라페,414.0,392.0,62.0,0.0,16.0
836,음료 및 차류,스무디류,초코쉐이크,390.0,399.0,62.0,13.0,11.0
837,음료 및 차류,스무디류,카라멜 프라페,414.0,213.0,38.0,0.0,4.0
838,음료 및 차류,스무디류,캬라멜 탐앤치노,397.0,324.54,56.91,3.94,8.27
839,음료 및 차류,스무디류,코코프레소,397.0,287.0,36.0,0.0,13.0
840,음료 및 차류,스무디류,쿠앤크 프라페,414.0,405.0,55.0,0.0,17.0
841,음료 및 차류,스무디류,쿠키프라페,100.0,104.0,14.3,1.53,4.55
842,음료 및 차류,스무디류,폭탄프라페,100.0,110.0,14.0,1.07,5.53
843,음료 및 차류,스무디류,플레인요거트,100.0,62.1,13.2,2.16,0.7
844,음료 및 차류,스무디류,홍시 스무디l,397.0,357.2,46.64,3.69,3.47
845,음료 및 차류,차류,핫 군고구마 라떼,369.0,310.9,38.41,9.79,13.28
846,음료 및 차류,차류,군고구마 아이스 라떼,397.0,243.4,33.41,6.79,9.28
847,음료 및 차류,차류,꿀자몽티,100.0,58.4,14.3,0.13,0.07
848,음료 및 차류,차류,딸기라떼,100.0,64.8,9.87,1.36,2.21
849,음료 및 차류,차류,레몬티,320.0,128.0,31.0,1.0,0.0
850,음료 및 차류,차류,민트크림초코,100.0,66.5,10.5,1.25,2.17
851,음료 및 차류,차류,밀크티 로열(hot),369.0,340.89,52.99,5.49,12.11
852,음료 및 차류,차류,밀크티 로열(iced),397.0,340.89,52.99,5.49,12.11
853,음료 및 차류,차류,베리베리티,490.0,404.0,100.0,1.0,0.0
854,음료 및 차류,차류,쇼콜라딥,25.0,17.0,2.0,1.0,1.0
855,음료 및 차류,차류,아이스베리베리티,490.0,340.0,84.0,1.0,0.0
856,음료 및 차류,차류,아이스초코,295.0,331.0,58.0,9.0,7.0
857,음료 및 차류,차류,아이스티,100.0,50.6,12.4,0.06,0.08
858,음료 및 차류,차류,아카시아 꿀차,369.0,289.86,51.31,3.63,7.08
859,음료 및 차류,차류,오곡라떼,100.0,65.1,9.79,1.65,2.15
860,음료 및 차류,차류,유자티,100.0,56.0,13.7,0.13,0.07
861,음료 및 차류,차류,자몽티,320.0,128.0,31.0,1.0,0.0
862,음료 및 차류,차류,폭탄초코,100.0,77.7,10.7,1.51,3.21
863,음료 및 차류,차류,핫초코,295.0,331.0,58.0,9.0,7.0
864,음료 및 차류,차류,홍차라떼,100.0,61.0,9.47,1.65,1.83
865,음료 및 차류,차류,흑당밀크,410.0,412.0,65.0,11.0,12.0
866,음료 및 차류,차류,흑당밀크티,485.0,499.0,79.0,12.0,15.0
867,음료 및 차류,커피류,검은콩라떼,355.0,279.0,35.0,0.0,12.0
868,음료 및 차류,커피류,고구마라떼,340.0,269.0,38.0,0.0,9.0
869,음료 및 차류,커피류,그린라떼(hot),369.0,296.3,38.65,9.2,11.83
870,음료 및 차류,커피류,그린라떼(iced),397.0,228.8,33.65,6.2,7.82
871,음료 및 차류,커피류,그린민트 초콜릿(hot),369.0,431.04,125.84,10.28,21.49
872,음료 및 차류,커피류,그린민트 초콜릿(iced),397.0,395.02,122.24,8.01,19.95
873,음료 및 차류,커피류,그린민트 카페모카(hot),369.0,379.49,110.5,9.09,19.77
874,음료 및 차류,커피류,그린민트 카페모카(iced),397.0,336.63,106.45,6.52,17.82
875,음료 및 차류,커피류,그린티도피오라떼,16.0,317.0,51.0,0.0,9.0
876,음료 및 차류,커피류,냉 미숫가루,397.0,400.0,72.0,0.0,9.0
877,음료 및 차류,커피류,녹차라떼(hot),385.0,365.0,58.1,11.2,9.6
878,음료 및 차류,커피류,녹차라떼(iced),385.0,365.0,58.1,11.2,9.6
879,음료 및 차류,커피류,단호박라떼,355.0,239.0,28.0,0.0,10.0
880,음료 및 차류,커피류,더치 라떼,100.0,20.6,2.16,1.01,0.88
881,음료 및 차류,커피류,더치 아메리카노,100.0,2.84,0.51,0.18,0.01
882,음료 및 차류,커피류,딸기바나나,100.0,59.1,11.4,1.01,1.05
883,음료 및 차류,커피류,민트초코라떼,340.0,303.0,103.0,0.0,13.0
884,음료 및 차류,커피류,바닐라 라떼(hot),369.0,229.05,27.04,7.1,9.3
885,음료 및 차류,커피류,바닐라 라떼(iced),397.0,161.55,22.04,4.1,5.3
886,음료 및 차류,커피류,밤라떼,340.0,295.0,47.0,0.0,9.0
887,음료 및 차류,커피류,시나몬 초콜릿(hot),369.0,428.33,49.78,10.44,20.24
888,음료 및 차류,커피류,시나몬 초콜릿(iced),397.0,378.72,45.18,7.57,17.89
889,음료 및 차류,커피류,시나몬 카페모카(hot),369.0,370.38,39.16,9.24,18.97
890,음료 및 차류,커피류,시나몬 카페모카(iced),397.0,320.77,34.56,6.37,16.62
891,음료 및 차류,커피류,아몬드코코넛라떼,340.0,252.0,26.0,0.0,13.0
892,음료 및 차류,커피류,아이스 아메리카노,397.0,10.0,2.0,0.0,0.0
893,음료 및 차류,커피류,아이스 카라멜 마끼아또,397.0,7.0,116.0,0.0,34.0
894,음료 및 차류,커피류,아이스 카라멜라떼,397.0,171.0,16.0,0.0,6.0
895,음료 및 차류,커피류,아이스 카라멜모카,397.0,243.0,39.0,0.0,7.0
896,음료 및 차류,커피류,아이스 카페모카,397.0,279.0,19.0,0.0,7.0
897,음료 및 차류,커피류,아이스 카푸치노,397.0,111.0,9.0,0.0,5.0
898,음료 및 차류,커피류,아이스 콜드브루,397.0,8.0,1.0,0.0,0.0
899,음료 및 차류,커피류,아이스 콜드브루라떼,397.0,127.0,10.0,0.0,7.0
900,음료 및 차류,커피류,에스프레소,30.0,10.0,2.0,0.0,0.0
901,음료 및 차류,커피류,오렌지바닐라밀크,355.0,285.0,36.0,0.0,12.0
902,음료 및 차류,커피류,초코바나나라떼,340.0,244.0,25.0,0.0,12.0
903,음료 및 차류,커피류,초코베리라떼,355.0,321.0,52.0,0.0,9.0
904,음료 및 차류,커피류,핫 초콜릿(hot),369.0,429.83,51.23,10.79,19.79
905,음료 및 차류,커피류,핫 초콜릿(iced),397.0,386.97,47.13,8.22,17.84
906,음료 및 차류,탄산음료류,깔라만시에이드,100.0,48.2,12.0,0.05,0.01
907,음료 및 차류,탄산음료류,라임에이드,381.0,168.0,41.0,1.0,0.08
908,음료 및 차류,탄산음료류,레몬에이드,495.0,188.0,46.0,1.0,0.0
909,음료 및 차류,탄산음료류,블루레몬에이드,100.0,45.3,11.1,0.06,0.07
910,음료 및 차류,탄산음료류,샤인머스켓에이드,500.0,272.0,67.0,1.0,0.0
911,음료 및 차류,탄산음료류,유자레이드,100.0,51.4,12.4,0.25,0.09
912,음료 및 차류,탄산음료류,자몽에이드,495.0,196.0,47.0,2.0,0.0
913,음료 및 차류,탄산음료류,청포도에이드,373.0,176.0,44.09,0.41,0.04
914,음료 및 차류,탄산음료류,체리콕,100.0,56.1,13.9,0.01,0.05
915,음료 및 차류,탄산음료류,한라봉에이드,397.0,112.0,25.0,0.0,1.0
916,장아찌 및 절임류,장아찌.절임류,간장마늘쫑장아찌,50.0,30.0,5.4,1.0,0.5
917,장아찌 및 절임류,장아찌.절임류,고추장마늘쫑장아찌,50.0,55.0,10.5,1.3,0.9
918,장아찌 및 절임류,장아찌.절임류,더덕장아찌,90.0,127.0,26.0,4.0,0.8
919,장아찌 및 절임류,장아찌.절임류,매실장아찌,30.0,72.88,17.43,0.5,0.13
920,장아찌 및 절임류,장아찌.절임류,모둠야채 수제피클,60.0,92.45,22.68,0.2,0.1
921,장아찌 및 절임류,장아찌.절임류,무짠지,50.0,5.0,1.0,0.3,0.1
922,장아찌 및 절임류,장아찌.절임류,양파홍초절임,80.0,56.87,12.64,0.55,0.46
923,장아찌 및 절임류,장아찌.절임류,오이장아찌,50.0,7.0,1.3,0.2,0.1
924,장아찌 및 절임류,장아찌.절임류,유부초절임,37.0,34.32,6.11,1.45,0.46
925,장아찌 및 절임류,장아찌.절임류,일본매실장아찌,30.0,19.0,3.3,0.4,0.5
926,장아찌 및 절임류,장아찌.절임류,치킨무,130.0,22.0,4.0,0.7,0.4
927,장아찌 및 절임류,,간장게장,250.0,292.7,13.88,32.66,2.09
928,장아찌 및 절임류,,고추장아찌,30.0,22.36,4.18,0.8,0.09
929,장아찌 및 절임류,,깻잎장아찌,30.0,33.64,7.87,2.11,0.36
930,장아찌 및 절임류,,단무지,30.0,3.9,0.66,0.11,0.16
931,장아찌 및 절임류,,마늘장아찌,30.0,16.06,3.07,0.79,0.02
932,장아찌 및 절임류,,마늘쫑장아찌,50.0,28.27,6.19,1.04,0.13
933,장아찌 및 절임류,,무장아찌,30.0,27.34,5.31,0.57,0.26
934,장아찌 및 절임류,,무피클,50.0,17.0,4.19,0.4,0.05
935,장아찌 및 절임류,,양념게장,200.0,275.55,46.33,20.41,2.06
936,장아찌 및 절임류,,양파장아찌,50.0,19.72,3.54,0.58,0.05
937,장아찌 및 절임류,,오이지,50.0,11.44,2.39,1.14,0.31
938,장아찌 및 절임류,,오이피클,50.0,54.0,14.64,0.3,0.15
939,전. 적 및 부침류,,가자미전,150.0,220.46,6.68,29.97,7.12
940,전. 적 및 부침류,,감자전,200.0,366.16,53.81,9.67,13.61
941,전. 적 및 부침류,,고추전,150.0,261.44,17.78,13.94,14.86
942,전. 적 및 부침류,,굴전,100.0,192.81,13.92,12.56,9.07
943,전. 적 및 부침류,,김치전,150.0,285.73,32.07,13.17,12.48
944,전. 적 및 부침류,,깻잎전,150.0,357.62,16.65,18.3,24.64
945,전. 적 및 부침류,,녹두빈대떡,100.0,200.71,18.64,9.96,8.32
946,전. 적 및 부침류,,달걀말이,100.0,172.24,4.67,12.04,11.23
947,전. 적 및 부침류,,동그랑땡,150.0,312.41,14.71,19.67,18.72
948,전. 적 및 부침류,,동태전,150.0,265.25,11.48,19.87,16.14
949,전. 적 및 부침류,,두부부침,100.0,134.88,4.29,9.92,8.76
950,전. 적 및 부침류,,두부전,150.0,253.89,8.08,18.66,18.02
951,전. 적 및 부침류,,미나리전,150.0,215.86,30.1,6.09,8.63
952,전. 적 및 부침류,,배추전,150.0,241.01,32.51,6.41,10.49
953,전. 적 및 부침류,,버섯전,150.0,239.68,18.61,11.93,12.93
954,전. 적 및 부침류,,부추전,150.0,241.18,32.01,7.14,9.5
955,전. 적 및 부침류,,야채전,100.0,194.94,24.97,4.95,8.78
956,전. 적 및 부침류,,육전,100.0,197.1,6.72,19.58,9.51
957,전. 적 및 부침류,,파전,150.0,280.55,37.46,7.73,12.04
958,전. 적 및 부침류,,해물파전,150.0,267.23,27.68,12.94,12.57
959,전. 적 및 부침류,,햄부침,100.0,232.6,9.73,13.07,15.48
960,전. 적 및 부침류,,호박부침개,100.0,130.72,8.67,3.37,9.24
961,전. 적 및 부침류,,호박전,150.0,215.28,16.56,6.59,14.42
962,전.적 및 부침류,기타 전.적 및 부침류,달걀프라이,60.0,124.0,3.1,9.4,8.3
963,전.적 및 부침류,기타 전.적 및 부침류,맛살전,200.0,329.0,39.4,15.0,12.5
964,전.적 및 부침류,기타 전.적 및 부침류,메밀전,180.0,289.0,62.6,7.2,1.2
965,전.적 및 부침류,기타 전.적 및 부침류,스크램블드에그,110.0,237.0,2.8,13.0,19.3
966,전.적 및 부침류,기타 전.적 및 부침류,일본식 계란말이,85.0,138.34,8.67,9.95,7.1
967,전.적 및 부침류,부침류,삼색 꽃 화전,52.0,160.6,22.36,2.11,6.97
968,전.적 및 부침류,어패류전,낙지꼬지,80.0,75.35,2.83,13.14,1.28
969,전.적 및 부침류,어패류전,두부해물완자,76.0,116.15,11.17,6.19,5.19
970,전.적 및 부침류,어패류전,참치완자전,200.0,345.0,27.1,30.0,13.0
971,전.적 및 부침류,어패류전,해물완자전,200.0,444.0,36.1,22.9,23.2
972,전.적 및 부침류,육류전,동그랑땡,150.0,309.2,12.68,19.62,20.0
973,전.적 및 부침류,육류전,돼지고기완자전,200.0,277.0,13.0,29.6,11.9
974,전.적 및 부침류,육류전,쇠고기완자전,200.0,323.0,9.4,37.5,15.1
975,전.적 및 부침류,육류전,햄달걀부침,100.0,277.0,8.1,12.7,21.6
976,전.적 및 부침류,적류,계적,250.0,488.08,0.0,57.72,30.43
977,전.적 및 부침류,적류,돔베기적,100.0,159.49,0.0,30.08,7.42
978,전.적 및 부침류,적류,소고기산적,200.0,453.08,7.33,48.41,25.57
979,전.적 및 부침류,적류,소라산적,80.0,120.1,6.45,17.92,2.51
980,전.적 및 부침류,적류,오징어산적,80.0,101.71,3.6,17.38,1.98
981,전.적 및 부침류,적류,홍어적,100.0,89.15,0.0,23.59,0.66
982,전.적 및 부침류,적류,홍합산적,80.0,156.66,10.58,17.78,4.8
983,전.적 및 부침류,적류,화양적,150.0,272.65,21.35,13.58,14.77
984,전.적 및 부침류,채소류전,가지전,200.0,245.0,17.8,11.0,14.6
985,전.적 및 부침류,채소류전,고구마전,140.0,318.0,50.4,4.1,11.2
986,전.적 및 부침류,채소류전,단호박 마전,65.0,122.34,16.58,2.53,5.1
987,전.적 및 부침류,채소류전,알록달록화전 & 멸치두부전,65.0,147.88,24.31,4.67,3.55
988,전.적 및 부침류,채소류전,애호박전,150.0,182.0,10.1,6.5,12.9
989,전.적 및 부침류,채소류전,채소전,100.0,145.0,22.6,3.6,4.5
990,전.적 및 부침류,채소류전,표고버섯전,150.0,271.0,19.1,15.2,15.0
991,젓갈류,젓갈류,가자미식해,250.0,335.0,29.1,27.7,12.0
992,젓갈류,젓갈류,명란젓,10.0,12.0,0.27,2.05,0.3
993,젓갈류,젓갈류,양념갈치젓,90.0,134.0,9.3,14.0,4.6
994,젓갈류,젓갈류,양념멸치젓,5.0,4.0,0.4,0.6,0.1
995,젓갈류,젓갈류,양념새우젓,10.0,6.0,0.6,0.7,0.2
996,젓갈류,젓갈류,오징어젓,10.0,6.0,0.3,1.0,0.1
997,젓갈류,젓갈류,오징어젓갈,10.0,6.83,0.29,1.24,0.1
998,조림류,기타 조림류,달걀장조림,100.0,133.72,10.03,8.75,6.4
999,조림류,기타 조림류,돼지고기메추리알장조림,50.0,62.97,3.14,7.62,2.11
1000,조림류,기타 조림류,두부조림,50.0,71.0,2.2,4.8,4.8
1001,조림류,기타 조림류,메추리알 장조림,100.0,202.0,6.3,14.2,13.4
1002,조림류,기타 조림류,메추리알장조림,100.0,205.08,7.36,12.11,13.69
1003,조림류,기타 조림류,소고기메추리알장조림,50.0,61.22,3.45,6.67,2.21
1004,조림류,어패류조림,가자미두마리조림 ,100.0,99.0,7.0,11.0,2.5
1005,조림류,어패류조림,가자미조림,300.0,301.29,20.34,40.7,6.9
1006,조림류,어패류조림,갈치조림,100.0,99.38,5.49,10.68,3.92
1007,조림류,어패류조림,건갈치조림,100.0,127.0,4.6,15.9,5.0
1008,조림류,어패류조림,고등어조림,250.0,459.34,10.96,45.37,25.35
1009,조림류,어패류조림,꽁치조림,150.0,280.09,8.36,22.59,16.67
1010,조림류,어패류조림,동태조림,250.0,270.61,16.77,39.03,4.09
1011,조림류,어패류조림,멸치조림,100.0,318.0,8.9,40.9,13.2
1012,조림류,어패류조림,병어조림,100.0,112.0,4.9,12.5,4.8
1013,조림류,어패류조림,북어조림,100.0,184.58,15.66,23.88,3.04
1014,조림류,어패류조림,삼치조림,100.0,124.0,2.6,15.9,5.6
1015,조림류,어패류조림,양미리조림,100.0,65.0,9.1,5.8,0.7
1016,조림류,어패류조림,어묵조림,200.0,317.0,46.3,11.6,9.5
1017,조림류,어패류조림,오징어조림,150.0,206.0,18.7,24.8,3.6
1018,조림류,어패류조림,오징어채조림,50.0,119.0,12.7,11.8,2.4
1019,조림류,어패류조림,조기조림,300.0,378.26,14.24,41.43,16.26
1020,조림류,어패류조림,쥐포조림,100.0,276.0,36.1,13.0,8.9
1021,조림류,어패류조림,코다리조림,100.0,146.67,4.57,18.46,5.62
1022,조림류,육류조림,닭고추장조림,250.0,379.0,33.1,22.8,17.4
1023,조림류,육류조림,닭조림,150.0,294.0,9.9,27.1,16.3
1024,조림류,육류조림,돼지고기 메추리알 장조림,100.0,166.0,4.3,20.1,7.7
1025,조림류,육류조림,돼지고기장조림,100.0,72.0,0.6,15.6,0.9
1026,조림류,육류조림,미트볼조림,150.0,331.0,19.4,27.2,16.1
1027,조림류,육류조림,쇠고기 메추리알 장조림,100.0,157.0,15.6,11.7,5.4
1028,조림류,육류조림,쇠고기장조림,100.0,68.0,4.8,10.4,0.9
1029,조림류,채소류조림,(검은)콩조림,20.0,56.83,6.98,3.85,2.09
1030,조림류,채소류조림,감자조림,50.0,39.01,8.4,1.55,0.2
1031,조림류,채소류조림,고추조림,100.0,105.88,14.83,2.86,4.18
1032,조림류,채소류조림,곤약 감자조림,61.0,37.8,8.78,0.64,0.01
1033,조림류,채소류조림,두부고추장조림,50.0,67.14,4.03,5.14,4.0
1034,조림류,채소류조림,땅콩조림,20.0,80.42,6.54,2.91,5.11
1035,조림류,채소류조림,마늘쫑조림,100.0,194.0,43.8,4.0,0.3
1036,조림류,채소류조림,무조림,150.0,71.0,6.4,3.4,3.6
1037,조림류,채소류조림,버섯조림,150.0,90.0,9.3,6.6,3.0
1038,조림류,채소류조림,알감자조림,50.0,56.23,10.48,1.38,1.26
1039,조림류,채소류조림,연근조림,50.0,87.0,14.7,1.3,2.6
1040,조림류,채소류조림,우엉조림,30.0,68.5,15.51,1.1,0.33
1041,조림류,채소류조림,콩조림,20.0,59.22,7.75,3.57,1.94
1042,죽 및 스프류,스프류,양송이스프,100.0,105.0,8.1,2.4,7.0
1043,죽 및 스프류,스프류,콘스프,400.0,280.48,35.37,5.82,14.02
1044,죽 및 스프류,스프류,퀴노아팥수프,280.0,432.26,28.0,6.36,32.76
1045,죽 및 스프류,스프류,토마토스프,400.0,382.41,12.42,18.2,25.4
1046,죽 및 스프류,죽류,게살죽,800.0,554.24,103.59,18.15,7.63
1047,죽 및 스프류,죽류,깨죽,800.0,505.68,71.13,13.43,18.94
1048,죽 및 스프류,죽류,닭죽,1000.0,1181.71,92.53,75.93,48.18
1049,죽 및 스프류,죽류,백합죽,700.0,455.28,84.7,16.5,5.6
1050,죽 및 스프류,죽류,소고기버섯죽,800.0,573.24,102.93,20.52,6.46
1051,죽 및 스프류,죽류,쇠고기죽,400.0,244.0,50.4,8.6,0.9
1052,죽 및 스프류,죽류,어죽,800.0,559.27,90.47,15.53,6.08
1053,죽 및 스프류,죽류,오리고기죽,400.0,618.0,79.8,30.0,19.9
1054,죽 및 스프류,죽류,잣죽,700.0,872.61,153.79,15.79,20.29
1055,죽 및 스프류,죽류,전복죽,800.0,587.29,105.04,14.57,11.45
1056,죽 및 스프류,죽류,참치죽,800.0,658.46,105.94,26.08,13.85
1057,죽 및 스프류,죽류,채소죽,800.0,514.83,100.8,11.89,5.13
1058,죽 및 스프류,죽류,팥죽,600.0,482.65,100.74,20.59,0.56
1059,죽 및 스프류,죽류,호박죽,600.0,430.33,111.41,8.11,0.72
1060,죽 및 스프류,죽류,흑임자죽,400.0,245.0,14.6,4.4,18.9
1061,찌개 및 전골류,어패류찌개.전골,갈치찌개,250.0,94.0,4.9,13.2,2.5
1062,찌개 및 전골류,어패류찌개.전골,고등어찌개,600.0,605.31,32.03,59.16,28.2
1063,찌개 및 전골류,어패류찌개.전골,꽁치김치찌개,270.0,241.0,9.6,19.3,14.0
1064,찌개 및 전골류,어패류찌개.전골,꽁치찌개,300.0,356.63,14.48,29.51,20.68
1065,찌개 및 전골류,어패류찌개.전골,낙지전골,300.0,153.0,11.2,19.5,3.4
1066,찌개 및 전골류,어패류찌개.전골,대구 매운탕,600.0,134.0,1.1,27.0,2.4
1067,찌개 및 전골류,어패류찌개.전골,동태찌개,800.0,369.69,18.94,59.57,7.8
1068,찌개 및 전골류,어패류찌개.전골,어묵김치찌개,260.0,98.0,16.4,4.7,1.5
1069,찌개 및 전골류,어패류찌개.전골,오징어찌개,250.0,85.0,11.9,8.2,0.5
1070,찌개 및 전골류,어패류찌개.전골,우렁된장찌개 ,100.0,61.0,8.0,5.0,1.1
1071,찌개 및 전골류,어패류찌개.전골,장어탕,800.0,536.0,29.4,34.5,31.2
1072,찌개 및 전골류,어패류찌개.전골,조개된장찌개,300.0,68.0,3.5,8.6,2.2
1073,찌개 및 전골류,어패류찌개.전골,참치김치찌개,400.0,193.58,13.33,16.86,10.89
1074,찌개 및 전골류,어패류찌개.전골,통오징어찌개 ,100.0,94.0,10.0,9.0,1.7
1075,찌개 및 전골류,어패류찌개.전골,해물매운탕,600.0,211.0,15.1,29.1,3.9
1076,찌개 및 전골류,어패류찌개.전골,해물순두부찌개 ,100.0,66.0,3.0,9.0,1.6
1077,찌개 및 전골류,육류찌개.전골,소시지김치찌개,100.0,75.0,5.0,7.0,3.2
1078,찌개 및 전골류,육류찌개.전골,고추장찌개,500.0,263.44,20.08,25.62,12.35
1079,찌개 및 전골류,육류찌개.전골,곱창전골,600.0,532.65,26.89,38.35,34.73
1080,찌개 및 전골류,육류찌개.전골,국수전골,400.0,643.16,66.93,45.29,22.39
1081,찌개 및 전골류,육류찌개.전골,돼지고기 고추장찌개,100.0,70.0,7.0,6.0,2.2
1082,찌개 및 전골류,육류찌개.전골,돼지고기김치찌개,400.0,246.29,9.33,15.5,18.26
1083,찌개 및 전골류,육류찌개.전골,돼지고기찌개,300.0,143.0,6.8,18.8,4.5
1084,찌개 및 전골류,육류찌개.전골,두부쇠고기고추장찌개,280.0,162.0,18.9,12.8,4.0
1085,찌개 및 전골류,육류찌개.전골,부대찌개,600.0,525.98,46.81,27.71,28.48
1086,찌개 및 전골류,육류찌개.전골,서울식 불고기 전골,100.0,169.0,14.0,8.0,9.0
1087,찌개 및 전골류,육류찌개.전골,소고기 버섯 잡채,100.0,204.0,38.0,4.0,4.0
1088,찌개 및 전골류,육류찌개.전골,소고기 샤브샤브,100.0,87.0,8.0,7.0,3.3
1089,찌개 및 전골류,육류찌개.전골,소고기 야끼소바,100.0,261.0,28.0,8.0,13.0
1090,찌개 및 전골류,육류찌개.전골,소고기샤브샤브,600.0,263.75,14.7,29.1,9.8
1091,찌개 및 전골류,육류찌개.전골,소고기전골,300.0,203.22,16.55,19.47,7.54
1092,찌개 및 전골류,육류찌개.전골,소곱창전골,600.0,529.0,29.2,41.6,27.3
1093,찌개 및 전골류,육류찌개.전골,쇠고기 샤브샤브,600.0,259.0,10.8,32.3,9.7
1094,찌개 및 전골류,육류찌개.전골,쇠고기된장찌개,300.0,163.0,10.5,17.1,5.9
1095,찌개 및 전골류,육류찌개.전골,쇠고기전골,300.0,187.0,1.4,23.7,9.7
1096,찌개 및 전골류,육류찌개.전골,오리백숙,300.0,335.0,1.5,31.8,22.5
1097,찌개 및 전골류,육류찌개.전골,우삼겹 청국장찌개,100.0,116.0,4.0,7.0,8.0
1098,찌개 및 전골류,육류찌개.전골,우삼겹된장찌개 ,100.0,69.0,6.0,9.0,1.4
1099,찌개 및 전골류,육류찌개.전골,제육자글이찌개 ,100.0,157.0,10.0,9.0,9.0
1100,찌개 및 전골류,육류찌개.전골,햄김치찌개,300.0,190.47,15.44,11.63,10.68
1101,찌개 및 전골류,육류찌개.전골,햄치즈 순두부찌개,100.0,89.0,4.0,7.0,5.0
1102,찌개 및 전골류,채소류찌개.전골,김치전골,270.0,197.0,15.3,8.4,11.4
1103,찌개 및 전골류,채소류찌개.전골,김치찌개,400.0,243.03,11.93,15.07,15.0
1104,찌개 및 전골류,채소류찌개.전골,냉이된장찌개,350.0,66.0,10.2,4.1,1.1
1105,찌개 및 전골류,채소류찌개.전골,달래된장찌개,350.0,122.0,13.3,11.1,2.8
1106,찌개 및 전골류,채소류찌개.전골,된장찌개,400.0,147.06,15.98,11.71,5.27
1107,찌개 및 전골류,채소류찌개.전골,두부고추장찌개,500.0,261.0,15.9,20.0,13.1
1108,찌개 및 전골류,채소류찌개.전골,두부된장찌개,270.0,110.0,6.9,8.8,5.3
1109,찌개 및 전골류,채소류찌개.전골,두부애호박된장찌개,350.0,189.0,20.1,17.6,4.3
1110,찌개 및 전골류,채소류찌개.전골,두부전골,500.0,315.11,16.2,29.14,19.15
1111,찌개 및 전골류,채소류찌개.전골,매콤 밀푀유 나베,100.0,75.0,5.0,7.0,3.2
1112,찌개 및 전골류,채소류찌개.전골,밀푀유 나베,100.0,109.0,9.0,7.0,5.0
1113,찌개 및 전골류,채소류찌개.전골,버섯샤브샤브,350.0,104.0,5.5,13.6,3.2
1114,찌개 및 전골류,채소류찌개.전골,버섯전골,300.0,233.0,14.3,15.4,12.7
1115,찌개 및 전골류,채소류찌개.전골,버섯찌개,400.0,171.86,15.26,16.64,7.52
1116,찌개 및 전골류,채소류찌개.전골,새우젓두부찌개,300.0,166.0,7.2,16.2,8.1
1117,찌개 및 전골류,채소류찌개.전골,순두부김치찌개,200.0,69.0,4.3,6.0,3.2
1118,찌개 및 전골류,채소류찌개.전골,순두부찌개,400.0,198.47,8.78,14.72,14.03
1119,찌개 및 전골류,채소류찌개.전골,우삼겹 순두부찌개,100.0,85.0,4.0,6.0,4.5
1120,찌개 및 전골류,채소류찌개.전골,짬뽕 순두부 찌개,100.0,114.0,8.0,7.0,6.0
1121,찌개 및 전골류,채소류찌개.전골,청국장찌개,400.0,275.46,14.97,25.84,14.43
1122,찌개 및 전골류,채소류찌개.전골,콩나물된장찌개,300.0,146.0,18.9,7.7,4.4
1123,찌개 및 전골류,채소류찌개.전골,콩비지찌개,400.0,248.66,24.52,15.96,12.81
1124,찌개 및 전골류,채소류찌개.전골,호박고추장찌개,280.0,115.0,16.7,5.8,2.8
1125,찌개 및 전골류,채소류찌개.전골,호박찌개,300.0,98.3,12.74,7.78,2.34
1126,찜류,기타 찜류,달걀찜,250.0,190.0,4.81,16.2,10.91
1127,찜류,기타 찜류,닭가슴살 두부선,90.0,94.34,1.13,14.4,3.58
1128,찜류,기타 찜류,토마토 채소 계란찜,135.0,181.76,4.0,11.68,13.23
1129,찜류,어패류찜,가오리찜,200.0,204.0,0.9,44.0,2.8
1130,찜류,어패류찜,꼬막찜,200.0,192.0,13.9,24.1,4.5
1131,찜류,어패류찜,대구찜,500.0,372.68,26.42,54.08,8.43
1132,찜류,어패류찜,도미찜,100.0,126.31,0.76,21.01,3.68
1133,찜류,어패류찜,동태찜,500.0,394.32,25.8,50.9,9.7
1134,찜류,어패류찜,민어찜,100.0,136.88,0.0,21.47,5.91
1135,찜류,어패류찜,병어찜,100.0,179.69,0.16,18.86,11.52
1136,찜류,어패류찜,북어찜,150.0,235.0,18.0,28.1,5.7
1137,찜류,어패류찜,붕어찜,1100.0,835.6,71.6,54.3,36.9
1138,찜류,어패류찜,아구찜,750.0,492.32,43.1,65.4,6.5
1139,찜류,어패류찜,아귀찜,400.0,310.7,17.59,48.85,6.68
1140,찜류,어패류찜,오징어순대,350.0,466.86,58.3,45.7,5.6
1141,찜류,어패류찜,전어찜,100.0,278.22,0.6,17.27,22.97
1142,찜류,어패류찜,조기찜,100.0,185.25,1.81,22.27,9.2
1143,찜류,어패류찜,코다리찜,200.0,188.0,12.2,29.0,2.7
1144,찜류,어패류찜,해물찜,500.0,397.38,36.02,50.28,8.94
1145,찜류,어패류찜,홍어찜,250.0,202.67,1.22,47.12,1.03
1146,찜류,육류찜,닭찜,300.0,320.0,1.8,37.1,18.3
1147,찜류,육류찜,돼지갈비찜,170.1,249.7,8.82,20.56,14.42
1148,찜류,육류찜,돼지고기 수육,300.0,936.0,7.0,59.6,74.5
1149,찜류,육류찜,돼지등갈비찜,450.0,961.04,57.4,72.1,49.2
1150,찜류,육류찜,돼지머리고기,200.0,650.0,3.5,42.4,52.0
1151,찜류,육류찜,마늘보쌈세트,100.0,209.0,11.0,12.0,13.0
1152,찜류,육류찜,매운갈비찜,300.0,517.44,23.7,61.3,19.7
1153,찜류,육류찜,소갈비찜,250.0,500.45,11.31,42.54,29.16
1154,찜류,육류찜,쇠고기사태찜,300.0,328.0,11.0,36.3,15.5
1155,찜류,육류찜,쇠고기수육,300.0,498.0,6.1,85.3,14.8
1156,찜류,육류찜,순대,220.0,410.0,78.6,6.0,8.0
1157,찜류,육류찜,안동찜닭,1500.0,1364.21,139.5,114.2,38.8
1158,찜류,육류찜,족발,150.0,381.57,32.3,26.02,16.62
1159,찜류,육류찜,찜닭,1500.0,1358.38,140.64,114.9,36.54
1160,찜류,육류찜,한방오리백숙,300.0,469.53,3.36,68.79,20.1
1161,찜류,채소류찜,깻잎찜,100.0,97.0,6.0,5.2,5.9
1162,찜류,채소류찜,꽈리고추찜,100.0,103.0,17.7,3.6,2.1
1163,찜류,채소류찜,두부김치,250.0,292.42,13.84,19.15,21.32
1164,찜류,채소류찜,애호박찜,100.0,181.0,21.2,9.5,6.5
1165,찜류,채소류찜,찐감자,200.0,140.0,30.0,4.3,0.3
1166,찜류,채소류찜,찐고구마,200.0,277.0,64.9,3.3,0.5
1167,찜류,채소류찜,찐옥수수,200.0,370.0,68.4,13.4,4.8
1168,찜류,채소류찜,풋고추찜,100.0,51.0,8.3,2.3,1.0
1169,튀김류,기타 튀김류,김말이튀김,100.0,240.56,32.49,2.25,12.38
1170,튀김류,기타 튀김류,김튀김,50.0,260.0,27.2,5.5,14.4
1171,튀김류,기타 튀김류,떡강정,200.0,498.0,95.8,7.6,9.4
1172,튀김류,기타 튀김류,오뎅 튀김,90.0,228.0,29.0,10.0,8.0
1173,튀김류,기타 튀김류,잡채말이 어묵,175.0,345.0,43.0,14.0,13.0
1174,튀김류,기타 튀김류,치즈스틱,60.0,208.0,17.0,8.0,12.0
1175,튀김류,기타 튀김류,통 김말이,220.0,456.0,64.0,5.0,20.0
1176,튀김류,어패류튀김,고등어튀김,150.0,513.0,10.7,29.5,39.3
1177,튀김류,어패류튀김,다시마튀각,50.0,230.0,23.7,4.2,13.3
1178,튀김류,어패류튀김,단호박 생선탕수 & 키위소스,97.0,116.56,13.68,3.85,5.16
1179,튀김류,어패류튀김,미꾸라지튀김,100.0,382.13,30.57,12.69,22.54
1180,튀김류,어패류튀김,미역튀각,50.0,221.0,10.6,6.6,17.0
1181,튀김류,어패류튀김,삼치튀김,65.0,169.65,2.05,11.12,13.0
1182,튀김류,어패류튀김,새우탕수육,200.0,232.0,26.0,13.3,8.4
1183,튀김류,어패류튀김,새우튀김,100.0,311.26,21.83,11.83,19.64
1184,튀김류,어패류튀김,생선까스,200.0,653.44,46.56,24.33,41.1
1185,튀김류,어패류튀김,오징어튀김,100.0,308.43,26.02,13.46,16.5
1186,튀김류,어패류튀김,쥐포튀김,100.0,353.33,37.99,11.21,16.54
1187,튀김류,육류튀김,간장양념닭다리튀김,200.0,646.0,35.8,37.7,39.2
1188,튀김류,육류튀김,깐풍기,200.0,585.08,43.36,27.8,33.34
1189,튀김류,육류튀김,닭날개튀김,200.0,514.0,21.0,34.3,32.5
1190,튀김류,육류튀김,돈가스,200.0,620.64,36.56,27.78,39.12
1191,튀김류,육류튀김,등심돈까스,200.0,463.0,22.6,33.8,26.5
1192,튀김류,육류튀김,라조기,200.0,398.99,26.23,20.66,23.49
1193,튀김류,육류튀김,모래집튀김,150.0,457.34,31.86,22.29,25.89
1194,튀김류,육류튀김,소고기 가라아게 & 칠리소스,107.0,200.49,15.41,14.66,8.91
1195,튀김류,육류튀김,소시지튀김,200.0,707.0,8.0,28.1,62.6
1196,튀김류,육류튀김,안심돈가스,200.0,651.76,34.25,33.28,42.4
1197,튀김류,육류튀김,유린기,105.0,158.64,5.08,13.86,9.21
1198,튀김류,육류튀김,치즈돈가스,250.0,758.5,45.48,36.02,46.15
1199,튀김류,육류튀김,탕수육,200.0,454.44,56.49,17.06,16.59
1200,튀김류,채소류튀김,감자튀김,150.0,462.1,50.1,6.24,25.76
1201,튀김류,채소류튀김,고구마 튀김,240.0,640.0,90.0,7.0,28.0
1202,튀김류,채소류튀김,고구마맛탕,200.0,490.93,90.19,3.3,13.53
1203,튀김류,채소류튀김,고추 김말이,100.0,239.0,32.0,3.0,11.0
1204,튀김류,채소류튀김,고추튀김,100.0,198.35,12.74,6.48,13.62
1205,튀김류,채소류튀김,야채 튀김,140.0,390.0,52.0,5.0,18.0
1206,튀김류,치킨류,간장양념치킨,200.0,543.0,42.5,20.5,32.4
1207,튀김류,치킨류,닭강정,100.0,323.25,24.21,18.34,15.56
1208,튀김류,치킨류,닭튀김,300.0,909.81,45.92,54.55,52.34
1209,튀김류,치킨류,버팔로윙데리야끼,76.0,169.0,8.15,13.59,9.09
1210,튀김류,치킨류,버팔로윙오리지날,70.0,171.0,3.66,14.38,10.64
1211,튀김류,치킨류,순살치킨앤프라이,160.0,432.0,46.11,17.46,20.03
1212,튀김류,치킨류,양념치킨,200.0,567.58,38.84,30.47,31.15
1213,튀김류,치킨류,치킨까스,200.0,593.0,44.02,27.91,33.92
1214,튀김류,치킨류,치킨너겟,150.0,468.0,14.9,22.5,35.4
1215,튀김류,치킨류,치킨윙,100.0,219.42,9.96,11.4,14.23
1216,튀김류,치킨류,치킨텐더,97.0,239.0,17.01,18.05,10.94
1217,튀김류,치킨류,후라이드치킨,200.0,530.0,21.3,35.5,33.7
1218,회류,회류,광어회 ,100.0,116.2,9.34,17.2,1.36
1219,회류,회류,문어숙회,80.0,67.49,0.18,14.14,0.73
1220,회류,회류,물회,700.0,529.36,55.3,34.4,18.9
1221,회류,회류,생연어,100.0,110.29,1.0,20.91,1.94
1222,회류,회류,육사시미,150.0,203.55,6.96,29.28,6.08
1223,회류,회류,육회,150.0,236.56,15.95,25.03,8.05
1224,회류,회류,훈제연어,100.0,169.0,9.34,19.28,6.16
